300mMNaCl-d2-10mins-50C,,400mMNaCl-d2-10mins-50C,,600mMNaCl-d2-10mins-50C,,1000mMNaCl-d2-10mins-50C-correct,,400mMNaCl-d2-10mins-50C-sds,
Wavelength (nm),Abs,Wavelength (nm),Abs,Wavelength (nm),Abs,Wavelength (nm),Abs,Wavelength (nm),Abs
1100,0.00431674487845583,1100,0.00635711882431126,1100,0.00501232831807483,1100,0.00204222696244761,1100,0.00472384939324483
1099,0.0070147021489385,1099,-0.00135952354454799,1099,-0.000446924177308908,1099,0.00168510219880756,1099,0.00623703964391983
1098,0.00702254184636575,1098,0.00141931460733732,1098,0.00110894576468686,1098,-0.000456233441110528,1098,0.00407881623240589
1097,0.00551002513848899,1097,0.00439204770861008,1097,0.00241575812902022,1097,0.00147559677065604,1097,0.00591675454801579
1096,0.00556031126529065,1096,0.00307790232849819,1096,-0.000241500697571114,1096,0.000189293561582329,1096,0.00527435047476845
1095,0.009073239637565,1095,0.002611316184771,1095,0.00305808952174846,1095,0.00153747141366313,1095,0.00679069918827962
1094,0.00634545613589763,1094,0.00298004628396522,1094,0.00266590382283986,1094,-0.000401874864938905,1094,0.00139170862591211
1093,0.00249908930535961,1093,0.000927474339392962,1093,7.01515407274468E-06,1093,-0.00249866358522311,1093,0.00256774996387018
1092,0.00451572433036889,1092,-0.000944586444297983,1092,0.0023998278409069,1092,-0.000569169945712686,1092,0.00306465893119074
1091,0.00578189650344972,1091,0.00261089951163058,1091,0.0010143864210687,1091,-0.00051999653363021,1091,0.00519182119513485
1090,0.00365338935497741,1090,0.000959409265088389,1090,0.00354838306050731,1090,0.00124576110127426,1090,0.00426059001707266
1089,0.00430348979421981,1089,0.00188183935419898,1089,0.00222655863040653,1089,0.000474723276667241,1089,0.00189091288292354
1088,0.00459645088623928,1088,0.00673640566522762,1088,0.00200051216408119,1088,0.00393708286500933,1088,0.00460008733510208
1087,0.00332814287005223,1087,0.000879252122936631,1087,-0.000343215829157472,1087,0.000328280461724926,1087,0.00235248293371065
1086,0.00541657342947984,1086,0.00106150782338906,1086,0.0034231812988517,1086,0.000383385046943398,1086,0.00444942258639318
1085,0.00582499929781755,1085,0.0014932335225205,1085,0.00250520765689456,1085,0.00154960320224162,1085,0.00448692694488738
1084,0.0046612313266762,1084,0.00151952114475599,1084,0.00130056681177867,1084,3.26693207479563E-05,1084,0.00383182515567949
1083,0.00422145845002894,1083,0.00062904431160117,1083,-0.000175109154587787,1083,-0.000879387317602453,1083,0.00133200987484313
1082,0.00385117707855012,1082,0.00282212592473409,1082,0.00291804396939794,1082,-9.90801837721259E-05,1082,0.0040656990550649
1081,0.00704469370262146,1081,0.00354063192423669,1081,0.00350370500950605,1081,0.00175870249569849,1081,0.00460694173157301
1080,0.0032716722933025,1080,0.000473634878291885,1080,0.00210618529750983,1080,0.000204236533956378,1080,0.00443009629100333
1079,0.00576093692173207,1079,0.00112098772974393,1079,-0.000154045959866845,1079,0.00155955308051128,1079,0.00379565686955975
1078,0.00419113848451646,1078,0.0022476865904645,1078,5.12572419545744E-05,1078,-0.000481677744079473,1078,0.00227388981112156
1077,0.00378132096012557,1077,0.00203647923664011,1077,0.000883480107430684,1077,0.00106179326596442,1077,0.00565922255516267
1076,0.00588765420113963,1076,0.0036325844506204,1076,0.000819753442865369,1076,-0.00061311623330304,1076,0.00356550390561389
1075,0.00725103384644145,1075,0.00455362679719141,1075,0.00387523107539028,1075,0.00210951482216405,1075,0.00537421877260851
1074,0.00634059677482608,1074,0.00186442079021753,1074,4.97297922440277E-05,1074,-0.000910696519213052,1074,0.00274912671272943
1073,0.00631916370127514,1073,0.00158623442761082,1073,0.00290790655985594,1073,-0.000525064082626383,1073,0.00236323203918812
1072,0.0058278589771882,1072,0.00147845392779071,1072,0.000668553506611001,1072,-0.00105460714751929,1072,0.00485094498544948
1071,0.00340864895967006,1071,-0.000182561244186686,1071,-0.00154048253750637,1071,-0.00101499257489524,1071,0.00193009502467734
1070,0.00463459587248085,1070,0.00115073073803356,1070,0.00298489425291775,1070,0.000171580201387753,1070,0.00480032214399229
1069,0.00468621990292907,1069,0.00232715982164406,1069,0.00155869577132037,1069,0.00120510913018524,1069,0.00440263821633969
1068,0.00404179127485844,1068,0.000868824999686394,1068,-9.29206850141786E-05,1068,-0.00115737126506366,1068,0.00139082567898475
1067,0.0035045922625154,1067,0.00115049714626288,1067,-0.000492899656013206,1067,0.00101843409410732,1067,0.00384402120632339
1066,0.00551060190151234,1066,0.00318623701029132,1066,0.00237127452212312,1066,0.00135117282493419,1066,0.00659806017186395
1065,0.00465304166634932,1065,0.00187783562243392,1065,-0.000622938913041202,1065,0.000307219766129075,1065,0.00267119106255059
1064,0.00585120935737814,1064,0.00117930774584299,1064,0.000455236175686366,1064,-0.000708800354087501,1064,0.00433682435652866
1063,0.00387846971744427,1063,0.000306986627612925,1063,-0.000688279927841352,1063,-0.00029396508819382,1063,0.00335942003495335
1062,0.00192952299718082,1062,-0.00127714597724518,1062,-8.32930581878381E-05,1062,-0.00150003517431778,1062,0.00208092856282355
1061,0.00385467670862933,1061,4.87719027935309E-05,1061,0.000944595940942519,1061,0.000291547955548702,1061,0.00192177469895024
1060,0.00438726245278967,1060,0.00102253369884373,1060,0.000894945155959456,1060,0.00107435292501664,1060,0.00194205577218346
1059,0.00495613581671541,1059,0.00134257795548266,1059,0.00104762516094784,1059,-0.00145844888117054,1059,0.00503668240597723
1058,0.0045325433052547,1058,0.00109031251992823,1058,0.00056087088539004,1058,0.000509916294127542,1058,0.00189993460229566
1057,0.00291460399927555,1057,0.00114943300756409,1057,-0.00033245563989544,1057,-0.000201294404672224,1057,0.00274636538453876
1056,0.00346941667888732,1056,0.000730546633325109,1056,0.000646309698764098,1056,-0.000406271387069756,1056,0.00334661151576437
1055,0.00499232232568693,1055,-4.1208506449317E-05,1055,0.00159257376178277,1055,-0.000375649979005948,1055,0.00306851720210332
1054,0.00376056214861507,1054,0.000142577428833981,1054,-0.000363131822236096,1054,-0.000757745667839509,1054,0.00184726288783194
1053,0.00326901196687173,1053,0.000597392884388856,1053,-0.000101254103653113,1053,-0.00100006515583916,1053,0.00292354276610636
1052,0.00346693779492405,1052,0.00134372046609055,1052,0.000767108836327003,1052,-0.000458405573951868,1052,0.00287056436497648
1051,0.00342928659179049,1051,0.000687842765812633,1051,0.000583265842042278,1051,-0.00139606197399088,1051,0.00275222671529652
1050,0.00371056229237512,1050,9.03429691043565E-06,1050,-0.00035133752622719,1050,-0.000742292569077798,1050,0.00327099416933142
1049,0.00437301159341187,1049,0.000342943246448602,1049,-2.07082809374365E-05,1049,-0.000378494964314514,1049,0.00296610215882708
1048,0.00416957600394444,1048,0.00179849655157639,1048,-0.000126977996013837,1048,-0.000542644916636263,1048,0.00321948592405129
1047,0.00389325285805771,1047,0.000159435054667564,1047,0.000103633895072289,1047,-0.00055981139721642,1047,0.0024962254257465
1046,0.00419942398904108,1046,0.000354601290751594,1046,5.82991134832253E-05,1046,-0.00136086540565252,1046,0.00300386961958133
1045,0.00319012243827293,1045,-0.000168847230432051,1045,-0.000563068815430061,1045,-0.000796091785228519,1045,0.00068097216531097
1044,0.00327490643757776,1044,-3.17350376529828E-05,1044,-0.000792784436824849,1044,-0.00119748914732579,1044,0.00237020738798591
1043,0.00339534329458843,1043,5.38720412169945E-05,1043,-0.000753714477694413,1043,-0.000605774927588146,1043,0.00274219737523805
1042,0.00287059042261126,1042,-0.00137495469694018,1042,-0.00186995723571991,1042,-0.00258925001037454,1042,0.00259615995648552
1041,0.00155391565412905,1041,-0.000410771310689849,1041,-0.00216884146273754,1041,-0.0026470404531243,1041,0.00137036258839129
1040,0.00414302295336552,1040,7.90111621295242E-05,1040,-3.30292395663745E-05,1040,-0.000884037341749488,1040,0.00243187122073329
1039,0.00324843411002894,1039,0.000186781535252337,1039,-0.000303794988922097,1039,-0.000758417529225832,1039,0.00325803177237402
1038,0.00291648034323726,1038,-3.06479050652414E-05,1038,-0.00175792572440943,1038,-0.0012913928394443,1038,0.00167553923406157
1037,0.00266850836637719,1037,-0.000857996565231206,1037,-0.00109592227842509,1037,-0.00182670505185226,1037,0.0018569856159567
1036,0.00251819967642147,1036,-0.000271769388718821,1036,-0.00103343161950499,1036,-0.00146928440319209,1036,0.00292398580015147
1035,0.00315254737410206,1035,-0.000760381425780187,1035,-0.00180706229218548,1035,-0.0023026028107438,1035,0.00199840572505111
1034,0.0019976775756639,1034,-0.000255005451188777,1034,-0.00108791777878989,1034,-0.00138068317917867,1034,0.0021046245916151
1033,0.00357213319458772,1033,-0.000401771416823414,1033,-0.000496571278527531,1033,-0.00163513734331103,1033,0.00245696614375854
1032,0.00324843411002894,1032,0.000184632080959148,1032,-0.00130935560827008,1032,-0.00179587428654693,1032,0.00244301277106059
1031,0.00248700906862723,1031,-0.00103017772734281,1031,-0.00154801441102423,1031,-0.00236964825445275,1031,0.00197510555017288
1030,0.00227591952080052,1030,-0.000133913352091861,1030,-0.00132277558285595,1030,-0.00177726134364484,1030,0.00228906081940284
1029,0.00256334931548405,1029,-0.000921235742660629,1029,-0.0015315060244889,1029,-0.00229807094801719,1029,0.00229556655992537
1028,0.00278489531450045,1028,-0.000679854383892697,1028,-0.00226464699988065,1028,-0.00139575233919876,1028,0.00108003603060048
1027,0.00299013324794872,1027,-0.00171352788505064,1027,-0.00172487271241452,1027,-0.00215658094932232,1027,0.00169970691545562
1026,0.0031206072145497,1026,0.000345119390962675,1026,-0.000487573162538464,1026,-0.00110397827103413,1026,0.00356631298664198
1025,0.00252759895489266,1025,-0.00133268545175748,1025,-0.00229044907223772,1025,-0.00260438021934477,1025,0.000428209635888536
1024,0.00323226461511027,1024,-0.000990870850014575,1024,-0.00124374660952579,1024,-0.00167000225239569,1024,0.00293016226302736
1023,0.00387402964980206,1023,0.000425307557115313,1023,-2.58334280363711E-05,1023,-0.000364425036961909,1023,0.00318475064770556
1022,0.00274105117969303,1022,-0.000738674707325001,1022,-0.00206858357893704,1022,-0.00157153777765961,1022,0.00219216284496883
1021,0.00307039421115732,1021,-0.000686212324829012,1021,-0.00115215618450964,1021,-0.0019703640532398,1021,0.00199167038980144
1020,0.00240425286232471,1020,-0.000704923773538256,1020,-0.0023597105279425,1020,-0.00212273395387208,1020,0.00218074154894991
1019,0.00346411971244626,1019,-0.000922940593009285,1019,-0.00125515533772701,1019,-0.00177978780096764,1019,0.00255290771874462
1018,0.00398904204167123,1018,-0.000283824536400627,1018,-0.00145530136934181,1018,-0.000677890123157337,1018,0.0029434797455801
1017,0.00233460304977219,1017,-0.00077666075266212,1017,-0.00149554652297472,1017,-0.00203004047406139,1017,0.00195562901944848
1016,0.00372168447797021,1016,-4.8352297066916E-05,1016,-0.000639016609396038,1016,-0.00108988018589975,1016,0.00248008391202973
1015,0.00340170909133454,1015,-0.000145144253533842,1015,-0.0010008399479992,1015,-0.000887963990034055,1015,0.0032689337222234
1014,0.00359100373254382,1014,-4.46251166230108E-05,1014,-0.00100796797101719,1014,-0.000586697292342741,1014,0.00337280286281747
1013,0.00352027606345333,1013,-9.00220671351598E-05,1013,-0.000705699092416347,1013,-0.000516531950794333,1013,0.00317434625203995
1012,0.00363655218482698,1012,-3.83613107721694E-05,1012,-0.000812886525148277,1012,-0.0004655942218352,1012,0.00321137556212464
1011,0.00429245727126213,1011,0.000905787946386735,1011,-0.000565395527767114,1011,-0.00035899350923557,1011,0.0034169978204108
1010,0.00386888445172595,1010,0.000652376078826777,1010,-0.000172883853039458,1010,0.000206489678383957,1010,0.0036100578047306
1009,0.0040968725966545,1009,0.000932896106852641,1009,-0.000156737137490571,1009,-5.0215875293729E-05,1009,0.00386308638278132
1008,0.00429049654414305,1008,0.00103094060428704,1008,-0.000312279566438298,1008,0.00049548111062025,1008,0.00435052494990534
1007,0.00429703233563206,1007,0.000469929161419775,1007,-0.000316625261461503,1007,-5.78254033940811E-05,1007,0.00367059265727809
1006,0.00524938043802597,1006,0.000973418828109589,1006,0.000538580755851386,1006,0.000362218048717462,1006,0.00451174855590677
1005,0.00427528160256635,1005,0.00123249557623128,1005,-0.000735315237282483,1005,0.00051491818418488,1005,0.00404947297548831
1004,0.00562174794451982,1004,0.00175527169623362,1004,0.00104243549455086,1004,0.00157560845615846,1004,0.0053355894757674
1003,0.00476509380367585,1003,0.0010781935544333,1003,0.000261242091403728,1003,0.00126987891570826,1003,0.00450735432121418
1002,0.00598307073837441,1002,0.00263501512760061,1002,0.00238915591591925,1002,0.00182701223583079,1002,0.00621679334195525
1001,0.00656552397014041,1001,0.00309046828751332,1001,0.0014748435232697,1001,0.00236487175663143,1001,0.00610633500751182
1000,0.00659735055180236,1000,0.00348984844036446,1000,0.00257136946549008,1000,0.00312603035771006,1000,0.00641575221921982
999,0.00639812459134183,999,0.0029828090983487,999,0.00186395283843355,999,0.00265587647605013,999,0.00590631073662605
998,0.00588505651925755,998,0.00230725111460309,998,0.00170235764622532,998,0.00232817479978623,998,0.00591313329853713
997,0.00667262930515561,997,0.00334277685946387,997,0.00257345264556701,997,0.00311745243646314,997,0.00643858250559303
996,0.0072548768450436,996,0.00406637842105549,996,0.00291893002672127,996,0.00341991995958816,996,0.00705971656638177
995,0.00760080701938065,995,0.0040725972822047,995,0.00348228100922083,995,0.00422618960108332,995,0.00761561203740448
994,0.00832819282807446,994,0.00484754202414131,994,0.00363104435302988,994,0.00467635513090578,994,0.00798352864404148
993,0.00869824561312328,993,0.00508712327970673,993,0.00382051734619161,993,0.00481461320672823,993,0.00830893063032142
992,0.00914022466778457,992,0.00554096169104148,992,0.00487717485898866,992,0.00557690853820352,992,0.00880894256670592
991,0.00884669321914789,991,0.00479809738715144,991,0.00451870618510085,991,0.00547044005227877,991,0.00872072080761355
990,0.00953502231580025,990,0.00612946408032139,990,0.00494951155076379,990,0.00614093718756059,990,0.00910852841112423
989,0.0102347007385398,989,0.00687111339872026,989,0.00593738050125766,989,0.00670880139196948,989,0.0104967909255609
988,0.0106045254729659,988,0.00729609909201245,988,0.00634366998604894,988,0.00721342163475056,988,0.0105930134164154
987,0.0121383014296805,987,0.00828745296789971,987,0.00701341308472158,987,0.00814974676082719,987,0.0118586719473714
986,0.011325698020932,986,0.00734314356296826,986,0.00701678044420253,986,0.0076395329550745,986,0.0115752611839051
985,0.0119134766353788,985,0.00799842581632667,985,0.00751570112761168,985,0.00793377842825101,985,0.0119686341606407
984,0.0128273922902685,984,0.00947789767037835,984,0.00840110666448247,984,0.00914466602947762,984,0.0128972788675733
983,0.0127011663319776,983,0.00970286777454527,983,0.00807996063190129,983,0.00927451662304718,983,0.0132912377834708
982,0.0133292199334358,982,0.00958829073962536,982,0.008503386110624,982,0.00995120852173234,982,0.0134880442568619
981,0.0142888166437125,981,0.0105038981422049,981,0.00976764668535803,981,0.0105586116926815,981,0.014450186808712
980,0.0144843629154488,980,0.0109911788475867,980,0.00972211248211931,980,0.0106527786336988,980,0.0146803185850574
979,0.0146536505671367,979,0.0112158718931968,979,0.00986283388482686,979,0.0104323009026121,979,0.0147191186559685
978,0.0147381584679158,978,0.0116195543596956,978,0.0102892478502903,978,0.0108716961925745,978,0.0150828939473804
977,0.0157041243399655,977,0.0114425416398197,977,0.0107585086705745,977,0.0110872719517624,977,0.0151823630035871
976,0.0156531061381743,976,0.0123263835209444,976,0.0109875415876188,976,0.0116576830761168,976,0.0158004069948224
975,0.016418444626991,975,0.0126785641622005,975,0.0120407246708715,975,0.0122954391645248,975,0.0167121097174164
974,0.0163073232100981,974,0.0128860791934865,974,0.0115286598560343,974,0.0117247754092472,974,0.0167168982111303
973,0.017033297881233,973,0.0133647761578111,973,0.0117332590860606,973,0.0126185994829554,973,0.0173512483412475
972,0.018476553844797,972,0.0146478673576324,972,0.0132248103710286,972,0.0137015834969805,972,0.0187339370658701
971,0.017762187031382,971,0.0140275300387606,971,0.0127682601248628,971,0.0129735776663957,971,0.0178282872602709
970,0.0184583487995283,970,0.0142281745159989,970,0.0132873409974326,970,0.0128144614400611,970,0.0185573513182141
969,0.0186474591745768,969,0.014747665296872,969,0.0129038921440859,969,0.0132310817092529,969,0.0185941217116665
968,0.0184839009041242,968,0.014570096026355,968,0.013214109275333,968,0.0131509221454981,968,0.0183481084343495
967,0.0189400941333223,967,0.0153527543466527,967,0.0136186392763755,967,0.0124554308744091,967,0.0187817505170058
966,0.0184746900884817,966,0.0153601560206447,966,0.0129475209594649,966,0.0129968086588358,966,0.0189742197829195
965,0.0197152883999129,965,0.0161985678766827,965,0.0139922937843156,965,0.0138653012349391,965,0.0199416690712064
964,0.0194869409726284,964,0.015127787561294,964,0.0133223599458683,964,0.0126446364622061,964,0.0193493189027865
963,0.0201388288163744,963,0.0163533649918884,963,0.0140535714144441,963,0.0134196644534736,963,0.0202960134948114
962,0.0192179905915172,962,0.0162350047322466,962,0.013763514825416,962,0.0126288062191999,962,0.0201725064585871
961,0.0193631495196198,961,0.015244479059158,961,0.0130259358379126,961,0.0121436520169203,961,0.0195368952526221
960,0.018696317067052,960,0.0149980777856727,960,0.0127172391093856,960,0.011424947981656,960,0.0196129071771832
959,0.0193807158499312,959,0.0153501262463797,959,0.0119611304097837,959,0.0115434664672712,959,0.0194154987388815
958,0.0178974457184034,958,0.0141632617807623,958,0.0116901243686889,958,0.0100782272450309,958,0.0181642837019738
957,0.0181193719946663,957,0.0142948358435163,957,0.011906638973889,957,0.00988229753633796,957,0.0185157756154921
956,0.0170458703591084,956,0.0129429871987935,956,0.0106269934300208,956,0.00822078399332822,956,0.0164090355678177
955,0.0164185252769508,955,0.0122830833421265,955,0.00946763243514284,955,0.00809615339057526,955,0.0164336877354728
954,0.0165909891461954,954,0.0119919445115213,954,0.00910308291514896,954,0.00803046305949673,954,0.0165956687274497
953,0.0156574535893143,953,0.0115670198549456,953,0.0094843532518607,953,0.00791224022449421,953,0.01628399508693
952,0.0160663084342189,952,0.0109546217880688,952,0.00888930864017648,952,0.00791880438640494,952,0.0156594663129134
951,0.0143678486921161,951,0.0107409427008272,951,0.00810680823864262,951,0.00731163083845221,951,0.0151700588055706
950,0.0149819471709198,950,0.0104487407062407,950,0.00828568519778683,950,0.00776535021747872,950,0.0155897510017213
949,0.0144729348968298,949,0.00974040500982368,949,0.00829521013375797,949,0.00731049884494522,949,0.0147034803911941
948,0.0139875085043943,948,0.00987257884212476,948,0.00734846172527353,948,0.00772761438671775,948,0.01466492269218
947,0.0142412545233779,947,0.0105512913999408,947,0.00845133276056544,947,0.00793472750463977,947,0.0144187428840741
946,0.013729101504342,946,0.00889681234628241,946,0.00716710176338222,946,0.00748009383083242,946,0.0140473149250032
945,0.0133133113342241,945,0.00943673236676589,945,0.00790620339208358,945,0.00719131380715726,945,0.0139318534231316
944,0.0136212836302394,944,0.00963029086944301,944,0.00802083845414771,944,0.00754815055585268,944,0.0140072113640167
943,0.0124776751078338,943,0.00840820605966826,943,0.00679916590870847,943,0.00661903391059501,943,0.0135106885951358
942,0.0134701539282784,942,0.00917580971056888,942,0.00734327519986305,942,0.00730083753204508,942,0.0143615609172637
941,0.0133476650288104,941,0.00813104635432896,941,0.00687532122319475,941,0.00714941729748307,941,0.0132769319458945
940,0.0130992959057987,940,0.00903129334240946,940,0.00736868186755139,940,0.007429505939164,940,0.0141898729565241
939,0.0127178255237886,939,0.00822977988208456,939,0.00652155929203242,939,0.0069059080725869,939,0.0130608003322648
938,0.0121519309161393,938,0.00773675817320398,938,0.00604055121238411,938,0.00684773441652622,938,0.0130671760092274
937,0.0123463041182822,937,0.0078676645446876,937,0.00562628458678741,937,0.00612329445689539,937,0.0126991139637599
936,0.01207284858616,936,0.00785047869208439,936,0.00591890631925396,936,0.00619762456145277,936,0.0126110045476755
935,0.0121042828199288,935,0.00781360520827855,935,0.00590245341251267,935,0.00608318091530755,935,0.0123482749222348
934,0.0115470552192478,934,0.00739651243104731,934,0.00549384986930211,934,0.00630001666615733,934,0.0120152561136304
933,0.0119503805812769,933,0.00734685573870382,933,0.00596871493059815,933,0.0058624127382722,933,0.0129151722795444
932,0.0115814821616035,932,0.0072233442042275,932,0.00530008185718378,932,0.00599330643041721,932,0.0124722937636574
931,0.0112474035486187,931,0.00688584096274915,931,0.00509021382484683,931,0.00556065211917642,931,0.011795442315424
930,0.0105900691375913,930,0.00664965528539693,930,0.00514718332052898,930,0.00569982151375465,930,0.0120502524774173
929,0.0118319904204569,929,0.00622937167273014,929,0.00511025051962903,929,0.00569003860107262,929,0.0119043243035333
928,0.0114293596175055,928,0.00608142209480489,928,0.00530561089699499,928,0.00607525315382472,928,0.0117945113631083
927,0.0109932762595181,927,0.00660292241458744,927,0.00504291517698528,927,0.00546684873622483,927,0.0122277527425539
926,0.0110324386589822,926,0.00670343847957385,926,0.00523620165853264,926,0.00558687245064445,926,0.0116924644900553
925,0.0102792284793992,925,0.00580112564520604,925,0.00437358684840293,925,0.005030554474629,925,0.0114962572023292
924,0.0102081452949837,924,0.00520698968635465,924,0.00460607838560462,924,0.00433491572037726,924,0.0113139808478759
923,0.0101458974310298,923,0.00564959790639325,923,0.00463443889036326,923,0.00501403044111878,923,0.0114032890943008
922,0.0105392237954046,922,0.00580857618272965,922,0.00434445898501607,922,0.00514820491072515,922,0.0117544291089291
921,0.0103573750988796,921,0.00610462859803721,921,0.00407001043418705,921,0.00522383545379381,921,0.0113872117230497
920,0.0106002283101722,920,0.0056798362807699,920,0.00403541608907452,920,0.00488138958719448,920,0.0113308791846462
919,0.0103178228813749,919,0.00554405546750565,919,0.00427125574500686,919,0.00523523226111966,919,0.0113023436963801
918,0.0100554962438302,918,0.00578152924299812,918,0.0039074618632319,918,0.0052006759667499,918,0.011283427348404
917,0.0102717273556752,917,0.00580978297196234,917,0.00412995610325908,917,0.00500942163106912,917,0.011387238296726
916,0.0104078544744391,916,0.00545452838859974,916,0.00397402052475083,916,0.00490306597837653,916,0.0113983196614536
915,0.00979531369273763,915,0.00486230583399737,915,0.00364563634438127,915,0.0046943055197745,915,0.0112947186086773
914,0.010373546949138,914,0.00532754432184199,914,0.00374486966791279,914,0.00505930936308944,914,0.0109720105648102
913,0.0105409742403256,913,0.00610791016067013,913,0.00405075327213651,913,0.00522037717140632,913,0.0117502003409777
912,0.0103242114339778,912,0.00549141183397209,912,0.00429339842342359,912,0.00548734847216981,912,0.0120165601100637
911,0.010048608296531,911,0.00493817460275984,911,0.00378424555167849,911,0.00492351293796569,911,0.0118201797794077
910,0.00973786359954135,910,0.00512295400103396,910,0.00327592363309464,910,0.00440271666550868,910,0.0108225694502044
909,0.0101467983581911,909,0.00570176238589909,909,0.0038827531198359,909,0.00553917884681755,909,0.0115307598653269
908,0.0102587133459236,908,0.00555089855983542,908,0.00360267098985195,908,0.00484717555297543,908,0.011647499137325
907,0.0105430694791289,907,0.00546168463307787,907,0.00446432978876363,907,0.00520746125415832,907,0.012169633915067
906,0.0101349009707142,906,0.00502306489817948,906,0.00396772470434965,906,0.00557116628197347,906,0.0118273086864808
905,0.0101961402232309,905,0.0053479588630717,905,0.00365057006238299,905,0.00506205924724537,905,0.011709962615372
904,0.00994204447826161,904,0.00498603791096705,904,0.00331230950107439,904,0.00455124635168345,904,0.0114315654522357
903,0.0103026338784517,903,0.00530781205091698,903,0.0035039920617519,903,0.00467946892068509,903,0.0118647905744254
902,0.0106822265721463,902,0.00561246502075496,902,0.0036571484402398,902,0.0048661539307237,902,0.0119861434168512
901,0.0105227540454986,901,0.0050612211854675,901,0.00373706280470112,901,0.00473800709009094,901,0.0117397482798727
900,0.0101079806912494,900,0.00555868565813116,900,0.00402339755071742,900,0.0056092396445389,900,0.0119776015790539
899,0.0112962861244857,899,0.00577153463136871,899,0.00415656062472268,899,0.00613686774412741,899,0.0123728308241073
898,0.010507133555471,898,0.0055252571826057,898,0.00394792350732585,898,0.00541085950329805,898,0.0123725911177039
897,0.0104612565868769,897,0.00545481673316691,897,0.00420752668577508,897,0.00522538121012983,897,0.0124413390094632
896,0.0105628023505838,896,0.00559945877206729,896,0.0037125204029827,896,0.00547788491883747,896,0.0123392199508995
895,0.0110437499482463,895,0.00614731710143643,895,0.00412428521265001,895,0.005718260149341,895,0.012637920531065
894,0.0107355828334032,894,0.00537510985527695,894,0.00354582543122634,894,0.00541143613463984,894,0.0121823059784943
893,0.010623783650704,893,0.00571553233598846,893,0.00344165398666094,893,0.0055909891864676,893,0.0126024770593309
892,0.0103398783653531,892,0.00528784484875237,892,0.00367223731822404,892,0.00550714133486167,892,0.0125200088981538
891,0.0111936125074271,891,0.00621390484143823,891,0.00449660432734538,891,0.00603889755821853,891,0.0123358643329978
890,0.0115520795218364,890,0.00588038597879455,890,0.0043693770454022,890,0.00561380237889412,890,0.0132524049366294
889,0.0116592784928639,889,0.00589615581411833,889,0.00397942821098801,889,0.00606622303227793,889,0.0131464396240323
888,0.0109645505615747,888,0.00545059643633387,888,0.00359168235637455,888,0.00585740135418462,888,0.0131809402226103
887,0.0111832269552378,887,0.00619938385262003,887,0.00435549282908595,887,0.00594916345108238,887,0.0131752566407796
886,0.0111707168116519,886,0.0059848554057767,886,0.00401054330822424,886,0.00638188994255629,886,0.0135520549453777
885,0.0117187119424183,885,0.00592250137547426,885,0.00421267589742094,885,0.00609404900894187,885,0.0131778182459186
884,0.01133257968262,884,0.00601889671600086,884,0.00429407814569752,884,0.00592496807359921,884,0.0138123607735897
883,0.0116036816759052,883,0.0064659068656385,883,0.00442329698698991,883,0.00642555149316937,883,0.0139170720762341
882,0.0121576809840307,882,0.00682569778803679,882,0.00481660247618939,882,0.00671821293753439,882,0.0144951488856819
881,0.0118601616921063,881,0.00626337963102141,881,0.00436864490991548,881,0.00671229783620369,881,0.0140546676462326
880,0.0120897232433604,880,0.00640469217830973,880,0.0045099437755633,880,0.00661327785889453,880,0.0146131964895486
879,0.0125746839392238,879,0.00666926461302852,879,0.00480922128532484,879,0.00695435700074469,879,0.0145549717223934
878,0.0121058000250937,878,0.00689906989693484,878,0.00475582917241261,878,0.00670364878861628,878,0.0147574937022095
877,0.0127368311101708,877,0.00683590076580216,877,0.00521898862637779,877,0.00703706407587406,877,0.0147995146518562
876,0.0119622213725984,876,0.00741965765436404,876,0.0048394012018217,876,0.00745997383864551,876,0.0149578059581993
875,0.0125460932565167,875,0.00657067493498911,875,0.00413931192796284,875,0.0065127826567148,875,0.0151057020035254
874,0.013235992096863,874,0.00701559660390899,874,0.00504629348100537,874,0.0070151756836934,874,0.0151914506416185
873,0.0131878780289432,873,0.00733490317278114,873,0.00474078111064552,873,0.00713881222658484,873,0.0153488122022071
872,0.013560841462537,872,0.00715265413249072,872,0.00516536274620248,872,0.00683824117336581,872,0.0161384376280018
871,0.0135910481404631,871,0.00763099714603514,871,0.00603580025465943,871,0.00768714160927076,871,0.0161398346617424
870,0.0129532282313656,870,0.00658991275203542,870,0.00484675672916451,870,0.00689809678068955,870,0.0154231289868179
869,0.0140330643688423,869,0.00787043226858018,869,0.00622669316675486,869,0.00782691514692778,869,0.0170962985370874
868,0.0130438345515873,868,0.00756047775983861,868,0.00513000000968984,868,0.0077340176521519,868,0.0158636586265859
867,0.0129658431685349,867,0.00678044468580279,867,0.00578370657735574,867,0.00735117348656805,867,0.0160948900411628
866,0.0142565551546395,866,0.00823838023148697,866,0.00589998684226242,866,0.00783511216359292,866,0.0168081317916469
865,0.0150197291206659,865,0.00876131643908657,865,0.00559096296509683,865,0.00811719960463033,865,0.0170611355056287
864,0.013792533145345,864,0.00908790990304927,864,0.00580755303796344,864,0.00818139949529017,864,0.0176197457110999
863,0.013488418092484,863,0.00751975717355212,863,0.00479288888335674,863,0.00835294468707772,863,0.0172318347699815
862,0.014934925292722,862,0.00859639553327615,862,0.00676782409205703,862,0.00868939847017568,862,0.0184675052476804
861,0.0142319995080753,861,0.00849356623852164,861,0.00627903206501108,861,0.008069121842488,861,0.0178085451345796
860,0.014655390899886,860,0.00875186051383514,860,0.0065226366756564,860,0.00885210908224382,860,0.0177120320043453
859,0.0156362803022587,859,0.0088375260340639,859,0.00524254209497143,859,0.00854414623282527,859,0.0176810250732493
858,0.0159487514352913,858,0.0100301438382985,858,0.007126286471451,858,0.00920626817000545,858,0.019950396098207
857,0.0159537463561152,857,0.00932238419959078,857,0.00693668119551189,857,0.00977310052054199,857,0.019118972629963
856,0.0155263782780501,856,0.00905521307100977,856,0.00681044636101479,856,0.00799299422175329,856,0.0193865894963842
855,0.0147170567292407,855,0.00930730931077264,855,0.00559222159267948,855,0.00821909563614787,855,0.0176136263376404
854,0.0159200720340715,854,0.00960255497850966,854,0.00753571834553824,854,0.0105566224704886,854,0.0194495534799462
853,0.0163151174475701,853,0.00916563092734904,853,0.00680763279420216,853,0.00828391743486953,853,0.0202260652540179
852,0.0173836866624379,852,0.0111570649642479,852,0.00694265195997252,852,0.00975139148579788,852,0.0202321673080622
851,0.0167163601754958,851,0.00972430966253236,851,0.00632809402004191,851,0.00928890278763903,851,0.0194454115444739
850,0.0160286770630215,850,0.00951263723799987,850,0.00794042200652766,850,0.0101648437928909,850,0.0214044285001318
849,0.0172452210323233,849,0.0112431000201358,849,0.00792750403097224,849,0.00997184157018539,849,0.0210868130831827
848,0.0168204555787469,848,0.00983312370701606,848,0.00813869522440506,848,0.00874980031162628,848,0.0205597428978994
847,0.0175766423563309,847,0.010751556494876,847,0.00805353661214126,847,0.0105628023505838,847,0.0215731439988564
846,0.0164809528382041,846,0.0103250066960659,846,0.00691248334302292,846,0.00987128126725644,846,0.0202136173296143
845,0.017564970951897,845,0.0109357205792513,845,0.00776951400859666,845,0.0103061063610748,845,0.021594472693978
844,0.0164267516515213,844,0.00949964595483257,844,0.00694207329198316,844,0.00929212916203127,844,0.0219588001151284
843,0.0181842039628191,843,0.010210742462336,843,0.00780604112789826,843,0.0106002283101722,843,0.0230616179224479
842,0.0186452974479067,842,0.0116291526961815,842,0.00904958322628381,842,0.0107979683563214,842,0.0235225110591664
841,0.0183218622807817,841,0.0112250894191863,841,0.00869404649892544,841,0.0109201383192698,841,0.0232704409172654
840,0.0187871835824932,840,0.0110173308471695,840,0.00854945272187362,840,0.0102281279825359,840,0.0230355494027434
839,0.0193224167727545,839,0.0113715866829486,839,0.00830272996761517,839,0.010670632866174,839,0.0240247652202185
838,0.0192615277638045,838,0.0116736906897518,838,0.00872653127037543,838,0.0107734217282032,838,0.0239848786438016
837,0.0190276850864645,837,0.0111684857411065,837,0.00836421279165953,837,0.0104056008057616,837,0.0241709652471862
836,0.019797833905154,836,0.0121905589917313,836,0.00911347171174056,836,0.0114272600984703,836,0.0252633988214488
835,0.020195068143456,835,0.0122307347703123,835,0.00835001555554399,835,0.0107953676748768,835,0.0243958749859974
834,0.0194364780926426,834,0.0122672662721815,834,0.00878324018630547,834,0.0112403372835856,834,0.0251087945479923
833,0.0206957943697688,833,0.0129577887688981,833,0.00907131007195458,833,0.0117031015642796,833,0.0249731085428767
832,0.0202572273090532,832,0.0130276696601739,832,0.00900037144681895,832,0.0115609054216144,832,0.0257080144098876
831,0.0196767165554361,831,0.0129097588446399,831,0.00901297779996542,831,0.0110663999646794,831,0.0256658858391968
830,0.0207099122863781,830,0.0129952616654955,830,0.00879856105214239,830,0.0116772273351328,830,0.0261376900038848
829,0.0204557785755706,829,0.0129442939837791,829,0.00893198109101405,829,0.0108461899347095,829,0.0264672484401459
828,0.0209157601922366,828,0.0130901719062459,828,0.00918474608574591,828,0.0116427396237951,828,0.0270880736242972
827,0.0212460810646848,827,0.0135655953362018,827,0.0093184170728534,827,0.0114265425436589,827,0.0274119298674908
826,0.0217944257326106,826,0.0136005833106129,826,0.00961451718751641,826,0.0120772934243704,826,0.0280170163974332
825,0.0218740461630519,825,0.0133733453228745,825,0.00994999016954764,825,0.0118755382845571,825,0.028548548703191
824,0.0221833023980545,824,0.0143626579267459,824,0.0102240730657448,824,0.0123867340218844,824,0.0288980638979847
823,0.0223212533236563,823,0.0139582365710866,823,0.0100386209669868,823,0.0122116448216356,823,0.0286862414778084
822,0.0221307274637069,822,0.0133132846424333,822,0.00944316088138073,822,0.0117212649707649,822,0.0286308549790017
821,0.0230553940917785,821,0.0142857401960287,821,0.00972539502081404,821,0.0123970418523803,821,0.0295363683613058
820,0.0236131904610799,820,0.0150912022662708,820,0.0105707328834867,820,0.0125963746782692,820,0.0309037612154267
819,0.0231726518549317,819,0.0152072941467415,819,0.0106249243133638,819,0.013351562356157,819,0.030582735356251
818,0.0242081592940755,818,0.0147028377348248,818,0.0109123075819793,818,0.0132976702259593,818,0.0305119993188508
817,0.0244875311822524,817,0.0160284621894651,817,0.0109986127583327,817,0.0136824555016479,817,0.0316800489527984
816,0.0244891470461064,816,0.0157458612027297,816,0.012035189058042,816,0.0143588317837444,816,0.0318868459921097
815,0.024535708417603,815,0.0160455181086979,815,0.0107980479692644,815,0.0129861665229831,815,0.0330966790070016
814,0.0247606427474403,814,0.0162065751241532,814,0.0114170549859568,814,0.0137255481102074,814,0.0326467825906172
813,0.0248965639240018,813,0.0165062544182088,813,0.011803927372798,813,0.0142103606610342,813,0.0329362174898279
812,0.0259632350231132,812,0.0169001919357998,812,0.0124931535041389,812,0.0150809910967144,812,0.0338178814312532
811,0.0264918454027596,811,0.0172725604555604,811,0.0115370067884438,811,0.0147957382243306,811,0.034386152383159
810,0.0269187447446449,810,0.017255860307743,810,0.011389789377221,810,0.0148733356738288,810,0.0349823265588924
809,0.0261535530230893,809,0.0171420739765925,809,0.0117792706275292,809,0.0144600352464822,809,0.0351707725827962
808,0.028384231640891,808,0.0180301291592724,808,0.0129258393438324,808,0.0157191813565741,808,0.036911310720807
807,0.0273717034345198,807,0.0177629151308782,807,0.0125675960455835,807,0.014500394764555,807,0.0360649492196018
806,0.027582333849691,806,0.0169653266542529,806,0.0126621463424699,806,0.0145061760105856,806,0.0364197523139384
805,0.0280051714591706,805,0.0172925206682128,805,0.0124279135370022,805,0.0150087425410332,805,0.0373592167196235
804,0.029402311398551,804,0.0188293800018754,804,0.0122988743586346,804,0.015727582378821,804,0.0386112614872169
803,0.029875282855235,803,0.0198889583043615,803,0.0139165909558561,803,0.0161101217973765,803,0.0394510387956727
802,0.0309806492564231,802,0.0200458085773179,802,0.0144054969760772,802,0.0163966159218341,802,0.040468261867475
801,0.0302010307539183,801,0.0200189716988148,801,0.0138942996294463,801,0.0162401910523982,801,0.0401750997391426
800,0.0313166868361281,800,0.0214616206882207,800,0.0145607269264237,800,0.0175160245516661,800,0.0414933414667009
799,0.0318820544278982,799,0.0208614372843556,799,0.0152241301798543,799,0.0170248715633741,799,0.0419604273363281
798,0.0318655629365698,798,0.0207907733502531,798,0.0141447820140416,798,0.0167011340433859,798,0.0421678718041853
797,0.0315220026528312,797,0.0213747883416352,797,0.0150206134184291,797,0.0173371583634889,797,0.042960575009386
796,0.0342138145124639,796,0.0229181376250513,796,0.0162933476862888,796,0.018192490844503,796,0.0450830063258734
795,0.0337832967740726,795,0.022656327079325,795,0.0159220054173161,795,0.0176807554574701,795,0.0446413253027994
794,0.0353619681830396,794,0.0239082071269282,794,0.0168315957221688,794,0.0194052395271146,794,0.0461167465209768
793,0.0349718051778584,793,0.0233583906860628,793,0.0162416421582444,793,0.0193025524867344,793,0.0465113513653315
792,0.0362074659356226,792,0.0237371605408874,792,0.0174086636653578,792,0.0188997525293486,792,0.0471160495120363
791,0.0360061107151729,791,0.0249193175412569,791,0.0167214446388547,791,0.0188965080591327,791,0.0480856162019212
790,0.0369715121878731,790,0.0242231582363122,790,0.0173492547028636,790,0.0201488342199985,790,0.049329719454401
789,0.0383168051626698,789,0.0267519320798763,789,0.0188164854656343,789,0.0208690964028847,789,0.0501253597569572
788,0.0381952739311993,788,0.0259512810870025,788,0.0180850165943655,788,0.0211752729845004,788,0.0515427507179472
787,0.0396039440202011,787,0.0266570993709553,787,0.0192669938949298,787,0.0220706690707599,787,0.0525837902359362
786,0.0401033802807696,786,0.0269206175515813,786,0.0188215134782541,786,0.0214478046718133,786,0.0530307902890808
785,0.0409935852975194,785,0.0276148006466745,785,0.0199313974224858,785,0.0226021950651019,785,0.0541469792170617
784,0.0418830246604801,784,0.0288115577235346,784,0.0203164386618825,784,0.0227572187976294,784,0.0555263021371165
783,0.0421420855758218,783,0.028600966348239,783,0.0200013253218519,783,0.022496377602501,783,0.0559976922306144
782,0.0431375346677622,782,0.029893556881711,782,0.0208592916689877,782,0.0236170716777749,782,0.0579699962312926
781,0.0445595711687171,781,0.0302784050840493,781,0.0209829941992935,781,0.0236175090001402,781,0.0591715217032742
780,0.0449498921553753,780,0.0310308033833441,780,0.0215814685945141,780,0.0247030692883182,780,0.0602876250654422
779,0.046076016255907,779,0.0313890566805201,779,0.0220648407164685,779,0.0245229172376535,779,0.0614469788714737
778,0.0470831591335681,778,0.0324576988704618,778,0.0222504332233302,778,0.0244621985095031,778,0.0621815359149099
777,0.0487188636921242,777,0.033843346005613,777,0.0235842737553723,777,0.0268350825798627,777,0.0649073535300474
776,0.0489516983857703,776,0.0338002809662508,776,0.0241017856769092,776,0.0263840032855362,776,0.0660686939952208
775,0.0503028512514557,775,0.0347608141198821,775,0.0242883603885432,775,0.0270782927888675,775,0.0675165552881996
774,0.0518120732966182,774,0.0362247421621741,774,0.0252214505253113,774,0.02780893487345,774,0.0693545825425347
773,0.0527580512121055,773,0.0364156142286891,773,0.0250376007272663,773,0.0281815260117064,773,0.0709661723669028
772,0.0540187970955468,772,0.0367284745660789,772,0.026434674741122,772,0.0289390960359386,772,0.0720360649401332
771,0.0554291209578828,771,0.0390175661021618,771,0.0273605377446982,771,0.0304075687769066,771,0.0741903613131952
770,0.0569508640116787,770,0.0391154485125719,770,0.0275103748946051,770,0.0297573104931444,770,0.0754161503046838
769,0.058089703395361,769,0.0401236797174938,769,0.0284597904207262,769,0.0307497758912001,769,0.0778234359625144
768,0.059723244676934,768,0.0417298849899126,768,0.0297412321356701,768,0.0321490697217083,768,0.0802736294652956
767,0.0610635701872623,767,0.0428914228446465,767,0.0299051483926598,767,0.0323147061484902,767,0.0821267534222603
766,0.0624150982664699,766,0.0444749646747483,766,0.0307945124356689,766,0.0331335278888648,766,0.0841816544540315
765,0.0638661331352555,765,0.0455603532608975,765,0.031451169138818,765,0.0342554360241719,765,0.0860182407551678
764,0.0648990874362375,764,0.0460980072461392,764,0.0319678648603792,764,0.0345718731188672,764,0.0879301324778107
763,0.0673260551931337,763,0.0475684294595153,763,0.0332462450895279,763,0.0357051521485896,763,0.0905274193252756
762,0.0681315266148693,762,0.0485759167298127,762,0.0338068565732098,762,0.0359234071563426,762,0.0923556488233823
761,0.0703487900550426,761,0.0500352179044546,761,0.0345492528109201,761,0.0371285656846639,761,0.0955808888894055
760,0.0717325638161766,760,0.0514191520934056,760,0.0356918591162376,760,0.0380731832858459,760,0.0979399676088366
759,0.0734820397767787,759,0.052930364493111,759,0.0368449184052697,759,0.0390666744845159,759,0.100627010990471
758,0.0752469645991381,758,0.0532517268810449,758,0.0375311141848307,758,0.040120301144026,758,0.102916284994718
757,0.0777547583713785,757,0.055512005962679,757,0.0387261170818781,757,0.0409505734313616,757,0.105415332762135
756,0.0792637990689724,756,0.0566315018247914,756,0.0394765239864173,756,0.041758382607156,756,0.10844427512666
755,0.0810331778975189,755,0.057828555901178,755,0.0401877072336885,755,0.0424785107669206,755,0.110445970927609
754,0.0843413749272773,754,0.060107641554448,754,0.0415902167142952,754,0.0441155565180851,754,0.115287184427534
753,0.0854956399832859,753,0.0612644874202559,753,0.0425126814894397,753,0.0452968324159923,753,0.116920127545552
752,0.0883531851486199,752,0.0629269124288494,752,0.0439302642345055,752,0.0460679282267629,752,0.119869726929469
751,0.0903649617291618,751,0.0647591888785842,751,0.0452741637002512,751,0.0470458575346174,751,0.123880772459693
750,0.0922903011101366,750,0.0667083590377878,750,0.0459380798548173,750,0.0484816386017653,750,0.126729591170646
749,0.0946611389880025,749,0.0679589792534756,749,0.0472358030731756,749,0.049367565766767,749,0.130058809374784
748,0.0971984072419781,748,0.0693645130562558,748,0.0487331696644618,748,0.0506558994560823,748,0.133421559316372
747,0.0994016107046153,747,0.072170625084407,747,0.0494440224783233,747,0.0521101643344227,747,0.13807338315279
746,0.102100458848059,746,0.0735165929269501,746,0.0506659059920477,746,0.052765124826305,746,0.141402571608118
745,0.10516198662377,745,0.0756476674135892,745,0.0526105838278215,745,0.0549920451775999,745,0.145310849804083
744,0.10742575897984,744,0.0773126394108943,744,0.0536534277225525,744,0.0556935081819056,744,0.149495161875988
743,0.110344134847296,743,0.079332125322245,743,0.0547164571315882,743,0.0567677146341955,743,0.153277337186948
742,0.11289669102606,742,0.0815480906788459,742,0.0565224267021919,742,0.0584642158088167,742,0.157421011428523
741,0.116200333443693,741,0.0838150413118992,741,0.057920004736792,741,0.059997838595036,741,0.161544893778911
740,0.1194337967951,740,0.0860484093882192,740,0.0598754353749959,740,0.0610947953622377,740,0.166539142478182
739,0.121877199279424,739,0.0885455835079896,739,0.0606998788784013,739,0.0626449587414059,739,0.171002548920766
738,0.124603039088451,738,0.0906088622663306,738,0.062443162884658,738,0.0641172854642456,738,0.175213589676261
737,0.128415711796161,737,0.0923934339571387,737,0.0637838270883036,737,0.0651314095609673,737,0.180212944046015
736,0.131675089692292,736,0.0951149700997923,736,0.0656321950213815,736,0.0670418058418858,736,0.184734787319175
735,0.135063533446484,735,0.0973219505241576,735,0.0670533450326659,735,0.0682708195199681,735,0.189638293213923
734,0.137966424051302,734,0.0999235009529178,734,0.0688140008104546,734,0.0694529562709877,734,0.19501145230477
733,0.141208102985379,733,0.102106320510921,733,0.0701621247342206,733,0.071072015631052,733,0.200242479088941
732,0.144580820877725,732,0.104450176091303,732,0.0715518346195123,732,0.0729854772014517,732,0.205546049698913
731,0.148642506943761,731,0.107314520125881,731,0.0734706044239421,731,0.0747949356328543,731,0.211397628649187
730,0.152222179193535,730,0.109782946285907,730,0.0755828757756275,730,0.0757393411407849,730,0.216770205146322
729,0.155610563366588,729,0.11263307277164,729,0.0772073362231514,729,0.0776796527546074,729,0.222263710038537
728,0.159606803574224,728,0.115261395572323,728,0.078992899172051,728,0.0792032186133637,728,0.228216016635336
727,0.163043805227333,727,0.117277606959559,727,0.0808441094806815,727,0.0805720976956112,727,0.234129418643437
726,0.167489940699151,726,0.120357935458539,726,0.0823719526069356,726,0.0827324320783368,726,0.240543985697125
725,0.171214516454143,725,0.12323598658375,725,0.0842542473873572,725,0.0840755837451396,725,0.246363459150388
724,0.175043391811771,724,0.126083437258273,724,0.0863763917976037,724,0.0859086604140319,724,0.252603415737766
723,0.179336002816673,723,0.129245354949372,723,0.0881570348369295,723,0.0876399640913437,723,0.259157499190738
722,0.183390306504304,722,0.132325866666507,722,0.0900644669949702,722,0.0889106542704229,722,0.265604584394273
721,0.187602534414641,721,0.134736406711346,721,0.0922572627947628,721,0.0913569124576979,721,0.272592960834824
720,0.192094608630522,720,0.138144253174718,720,0.0943741925487741,720,0.0931781540679876,720,0.279279526089658
719,0.195782575084708,719,0.140384244474145,719,0.0958633078270644,719,0.0943258451164051,719,0.28515027806136
718,0.199936645564244,718,0.143683331464477,718,0.0979302049975567,718,0.0962914167260275,718,0.29245576952328
717,0.204344150859358,717,0.146629809122249,717,0.0994999686989258,717,0.0977358417380188,717,0.298973057101031
716,0.208183774266005,716,0.149232535513964,716,0.101739611396446,716,0.0992538552072539,716,0.305618415076808
715,0.212452349952368,715,0.152072806072344,715,0.10384831182548,715,0.101231385496401,715,0.312802297756392
714,0.216749865526563,714,0.155555117515293,714,0.106059688842289,714,0.102872521232685,714,0.319865728460752
713,0.220983579625848,713,0.158561420577921,713,0.107886596538557,713,0.104692367820077,713,0.326538086735413
712,0.224785696534078,712,0.160623869736338,712,0.109550958360333,712,0.105755999528099,712,0.332527476645575
711,0.229128220702849,711,0.163742686398378,711,0.111655676497591,711,0.107826866382203,711,0.339973286685161
710,0.233751282497661,710,0.166550347976547,710,0.11364065153007,710,0.109079367396481,710,0.347042952310103
709,0.237982503631978,709,0.169743932054338,709,0.115962627832363,709,0.110607368771533,709,0.354175131181761
708,0.241756515038641,708,0.17239693604721,708,0.116992135335313,708,0.112423332878379,708,0.360722588819817
707,0.245282111966746,707,0.174762651074686,707,0.118881372435905,707,0.113446121690934,707,0.366520189658747
706,0.24989864270219,706,0.177763835892296,706,0.120430276453323,706,0.115048088653015,706,0.373459865093217
705,0.253240588923034,705,0.180173315448688,705,0.122482044275705,705,0.116406321662672,705,0.380367776482967
704,0.256887194512728,704,0.182608180373119,704,0.123995613851042,704,0.117478542859469,704,0.386606077292718
703,0.26020033270837,703,0.185016977735055,703,0.125290306777427,703,0.118765016991409,703,0.392229728550097
702,0.264311056160053,702,0.187017529338994,702,0.12709915991979,702,0.11968865283274,702,0.398349355142532
701,0.268097807102216,701,0.189903005212644,701,0.128819069426471,701,0.121054555722339,701,0.404923780912145
700,0.270696084696208,700,0.191749933696199,700,0.129790013165764,700,0.121955381137963,700,0.409672257154673
699,0.273472840288336,699,0.193887263551931,699,0.131567802176417,699,0.123070961640212,699,0.414965432113847
698,0.276126109584871,698,0.195284046622582,698,0.132304101044202,698,0.12333105649132,698,0.419496354340373
697,0.27875919235798,697,0.196901625423174,697,0.133235661780423,697,0.123957043040416,697,0.424305279870646
696,0.281405318101275,696,0.198535187365503,696,0.13450552160749,696,0.124819884506204,696,0.428770362294746
695,0.283972678655547,695,0.199729254368862,695,0.135028594744132,695,0.125072121598282,695,0.432855493724365
694,0.285421540725485,694,0.201046518775344,694,0.135797011527361,694,0.125456972139944,694,0.43657154241179
693,0.287624568333202,693,0.20227898689472,693,0.13676096460649,693,0.125973093645563,693,0.439582759549134
692,0.289013867477793,692,0.203269230250965,692,0.137145597980595,692,0.126085375182752,692,0.442920735121195
691,0.289832773604752,691,0.203398095221498,691,0.137312544015418,691,0.125997658157511,691,0.444987330226796
690,0.291365396966508,690,0.204058978890473,690,0.137981859820877,690,0.126035545586577,690,0.447143561326989
689,0.291383473163539,689,0.20451371063094,689,0.138238764530677,689,0.125572611356965,689,0.448820936351714
688,0.29203507281591,688,0.204557033387034,688,0.137875990001083,688,0.125535144472998,688,0.449977265201791
687,0.291815449664039,687,0.204029991645514,687,0.137550647211452,687,0.124651428386251,687,0.45003632447021
686,0.291790665382608,686,0.203441679003453,686,0.137313893479193,686,0.124489105828163,686,0.449830910167748
685,0.290933665333521,685,0.203006120505795,685,0.136812217554822,685,0.123773086746611,685,0.449548879131194
684,0.290341952878811,684,0.202346299625964,684,0.136377557475486,684,0.122504730345407,684,0.44809399376092
683,0.289257674124971,683,0.20147900392029,683,0.135572494526956,683,0.121665106339127,683,0.447234023661765
682,0.28767868546897,682,0.199935989236571,682,0.134883924031514,682,0.120527262347989,682,0.444986392676384
681,0.285592134020607,681,0.198331856310437,681,0.133686520748594,681,0.11916444471166,681,0.442544929970232
680,0.283688489728748,680,0.197344394379119,680,0.132538138669984,680,0.118252457815164,680,0.439816626491652
679,0.281284642021253,679,0.195339974153043,679,0.130973276949188,679,0.116611527290769,679,0.435989569120267
678,0.278891910994303,678,0.192696865336993,678,0.130038065050279,678,0.115355647089494,678,0.431979824884976
677,0.275580241929817,677,0.19089769724329,677,0.128240534323272,677,0.11359454956148,677,0.42699883390853
676,0.272295379141818,676,0.188221867467992,676,0.126709871647299,676,0.112192544885182,676,0.422615465412273
675,0.268908560016448,675,0.185618502029234,675,0.124665915183352,675,0.11003460100246,675,0.416675074117951
674,0.265048231961145,674,0.183143187873002,674,0.123083677433491,674,0.108167239121708,674,0.411861898663672
673,0.261092173379394,673,0.179892216936915,673,0.120584083801294,673,0.106080343331,673,0.404723444229385
672,0.256634204927588,672,0.177142997071297,672,0.118674445358664,672,0.104261824945741,672,0.39849208000334
671,0.252248322619931,671,0.173759432015967,671,0.116368452832525,671,0.102058840042194,671,0.391555661295938
670,0.247829975704552,670,0.170250327789071,670,0.11403229524668,670,0.0996139772769235,670,0.384004835643374
669,0.242900201897886,669,0.166894212421231,669,0.111546160231682,669,0.0975229008053861,669,0.376947686083528
668,0.238394057223406,668,0.163419446523767,668,0.109341236258404,668,0.0953751278721213,668,0.369262436271828
667,0.232857557659208,667,0.1598571906173,667,0.106659696938986,667,0.0929697443013072,667,0.36106332248784
666,0.227677588059921,666,0.156228947423117,666,0.104232239975316,666,0.0906303575866749,666,0.352529405627772
665,0.222246954766888,665,0.152094887275528,665,0.101709936003659,665,0.088326726331673,665,0.344221081198253
664,0.216894395563192,664,0.148304520985039,664,0.0990357141057395,664,0.0860276445603237,664,0.33575295331781
663,0.211339594684079,663,0.144483511353293,663,0.096487752879724,663,0.0834682499051219,663,0.326866260975678
662,0.205886258997308,662,0.140744682674814,662,0.0940501135321637,662,0.081239275746946,662,0.318265735840106
661,0.20019039051448,661,0.136707270773462,661,0.0912157963856499,661,0.0789552685741339,661,0.309462535847241
660,0.194986307111125,660,0.132963908305855,660,0.0886472276016051,660,0.0766953484321588,660,0.300886921600861
659,0.189936797056598,659,0.12948608533562,659,0.0863366633510386,659,0.0746116982885449,659,0.293098610741368
658,0.184414979283602,658,0.125544545453768,658,0.0836498964054199,658,0.0722350013225708,658,0.28427269446769
657,0.178685023230679,657,0.121364310764628,657,0.0809270000163211,657,0.069842448222107,657,0.275062563294822
656,0.173319876866842,656,0.117692436172612,656,0.0784899370991439,656,0.0676894714623828,656,0.266597746121995
655,0.168093463253181,655,0.114029501587602,655,0.0758496834206808,655,0.0653456517074829,655,0.258134282922983
654,0.162789541238845,654,0.110448775011964,654,0.0736971295477536,654,0.0636710826304916,654,0.250066056043027
653,0.157635159063016,653,0.106849918795911,653,0.0712657219418728,653,0.0614660940774145,653,0.241849840019439
652,0.152565766952535,652,0.10322951815932,652,0.0687712673519681,652,0.0593091567787346,652,0.233983475151348
651,0.147845585962129,651,0.100078296663274,651,0.0666667678621798,651,0.0573590452878543,651,0.226544808347992
650,0.143137318996528,650,0.0967145790978147,650,0.0645069444229893,650,0.0554869740828388,650,0.218873646735055
649,0.138251042552868,649,0.093551797173074,649,0.0622762066010957,649,0.0537063870850537,649,0.211465611530201
648,0.133805076963279,648,0.0902327706866518,648,0.06017295983933,648,0.051886511241969,648,0.204162064924807
647,0.129735324657103,647,0.0872120360837618,647,0.0582126106454821,647,0.0501662972493673,647,0.197430277954819
646,0.125259737673516,646,0.0841387014930256,646,0.0561989010410366,646,0.0486042302158053,646,0.190673133665864
645,0.121074567461937,645,0.0815852594370483,645,0.0543055587197294,645,0.0470753119727156,645,0.184199003562032
644,0.117405131459126,644,0.0789223599977824,644,0.0529690230434318,644,0.0455744980652174,644,0.178249119891281
643,0.113523472672763,643,0.0760221262487453,643,0.0507901924202091,643,0.043869405462608,643,0.172077195319463
642,0.109832112182645,642,0.0737966453726841,642,0.049369131892134,642,0.0427180764815848,642,0.166471042057182
641,0.106121390846746,641,0.071239002899796,641,0.0474689699628864,641,0.0412120386748535,641,0.160840465158198
640,0.102864287314619,640,0.0688507931676665,640,0.0462883449146035,640,0.0398837527885623,640,0.155472498922565
639,0.0995313490001423,639,0.0665619021385075,639,0.0446742894808573,639,0.0386749532131015,639,0.150363839346156
638,0.0965248647304018,638,0.0644786560403169,638,0.0432108435545689,638,0.0375672122664818,638,0.145379618654744
637,0.0935898791900623,637,0.0624044885797139,637,0.0418368177053337,637,0.036414600826067,637,0.140830202736827
636,0.0907525566911003,636,0.0602887254749007,636,0.0406206729955482,636,0.0353565203299254,636,0.136301093798104
635,0.0878912758068679,635,0.0583884346877089,635,0.0391395543085644,635,0.0341865918321322,635,0.13183707009274
634,0.085762901151398,634,0.0567207520797125,634,0.0381855789055628,634,0.0333708716027474,634,0.128277713626325
633,0.0831297599205909,633,0.0549448041991329,633,0.0371091952202665,633,0.0323956096468554,633,0.124070251209171
632,0.0807331145806996,632,0.05369425975828,632,0.0360248695448148,632,0.0314940296883931,632,0.120498290710389
631,0.0784980317646484,631,0.0518273857030619,631,0.0349502581850338,631,0.0305603496397403,631,0.117186734689034
630,0.0762975971492238,630,0.0504907667362529,630,0.0342599737383265,630,0.0298598378816143,630,0.113469886910627
629,0.0740558800917982,629,0.0489695180755558,629,0.0332393985152913,629,0.0290881779725744,629,0.110201017250283
628,0.0719395483773659,628,0.0472612585672752,628,0.0319314769377109,628,0.0278766649822495,628,0.106823831593495
627,0.0704150581930638,627,0.0461370986923883,627,0.0311564921591951,627,0.0275795203587947,627,0.104274100502816
626,0.0684576736093481,626,0.0451344425079959,626,0.0303720608943671,626,0.0267237416168765,626,0.101751783147255
625,0.0668842148104223,625,0.0439448716088585,625,0.029547451590561,625,0.0261709012862609,625,0.0987461561173846
624,0.0649816351992981,624,0.0426563592552827,624,0.0289826779058754,624,0.0252431237629932,624,0.0962486385337763
623,0.0637416156849007,623,0.0418543193295613,623,0.0283047902618195,623,0.025036915173246,623,0.0938497030530349
622,0.0623663556202558,622,0.0407897718224992,622,0.0276637950727232,622,0.0243414709705608,622,0.0914784534016933
621,0.0607947035052524,621,0.0399545561895721,621,0.0271604586534734,621,0.0237768876582713,621,0.0895053567485087
620,0.0594894923923893,620,0.0385447219579601,620,0.0262949161854302,620,0.0233468087044363,620,0.0872000119434358
619,0.0580803232689558,619,0.0377296766568555,619,0.0255424896721594,619,0.0225939872228304,619,0.0854940010450794
618,0.0567740573282198,618,0.03686881396092,618,0.0250765145475013,618,0.0222019639440689,618,0.0830714586568638
617,0.0557106060752974,617,0.0361838599553916,617,0.0245892601668074,617,0.0218790824759939,617,0.081612528960795
616,0.0546923812229362,616,0.0351868286524954,616,0.0241522462696631,616,0.0212961021752589,616,0.0794742186898576
615,0.0536500008181347,615,0.0347011145721823,615,0.0236860100521258,615,0.0210077987057007,615,0.0782968883727116
614,0.0522962941511302,614,0.0336044015237183,614,0.0230273606619321,614,0.020441478983139,614,0.0761565083076796
613,0.0515354638058386,613,0.0333421923185242,613,0.0227654024463781,613,0.0202834279472091,613,0.074756836805578
612,0.0504351162081504,612,0.0324843391517353,612,0.0221381093631456,612,0.0198879014443829,612,0.0733513022935589
611,0.0496124139275464,611,0.0318022492274268,611,0.0218375142251067,611,0.0194611673528212,611,0.0720937284683747
610,0.0488113685291736,610,0.0314739348001539,610,0.0215565224894838,610,0.0192842045392799,610,0.0709524560900213
609,0.048294185225251,609,0.0307760615260415,609,0.0211437460376933,609,0.0188652272022077,609,0.0697526490248914
608,0.047065330127407,608,0.0301960357543651,608,0.0207283477184066,608,0.0186738060831035,608,0.0684079450582733
607,0.0462939316394661,607,0.0295343734100776,607,0.0202280721423305,607,0.0183050947352618,607,0.0670423193595643
606,0.0456787008205564,606,0.0292057195061262,606,0.019999997128945,606,0.0180435670345592,606,0.0659559575210631
605,0.0449673761370295,605,0.0288417098222989,605,0.0197124441511313,605,0.0179293313688219,605,0.0650437216952045
604,0.0445059660224874,604,0.0284258509080065,604,0.0194760032412673,604,0.0176133837210865,604,0.0643989359584217
603,0.0436682169517001,603,0.0278148408276748,603,0.0191497577635535,603,0.0172926014806549,603,0.0631754861681819
602,0.0430886498930782,602,0.0275547789737584,602,0.0188599012997798,602,0.0172105307244525,602,0.0622615968715559
601,0.0426409384581446,601,0.0270996180486998,601,0.018734855985923,601,0.0168498134323429,601,0.0612739067650626
600,0.0421177555053414,600,0.0265989161974015,600,0.0182843049578111,600,0.0166613764484628,600,0.0606224566023116
599,0.0413916756066339,599,0.0262112366147347,599,0.0180091366842445,599,0.0164469687634792,599,0.0597063444912484
598,0.0408791808617777,598,0.025908881617517,598,0.0178147751347048,598,0.0162963308853483,598,0.0588789214101174
597,0.0405313739907664,597,0.0256570157418017,597,0.0176397488461872,597,0.016142736207717,597,0.0582008008054021
596,0.0402574241994008,596,0.0253453317698396,596,0.0175828959861447,596,0.0160598617151955,596,0.0575288499293982
595,0.0397367342621409,595,0.0251103304446838,595,0.0173245235714225,595,0.0159426018536102,595,0.0570383497418387
594,0.0393033731928878,594,0.0247344446440784,594,0.0171403775065672,594,0.0156397688590088,594,0.0563039460378027
593,0.038913363707894,593,0.024399872731515,593,0.0169247643411547,593,0.0153675578207856,593,0.0556263296907349
592,0.0385817248256329,592,0.0242948209164826,592,0.0166481964523604,592,0.0154699086849062,592,0.0550426410286455
591,0.0383145150065228,591,0.0241409441197847,591,0.0167635753396242,591,0.0154845820251163,591,0.0546735031208434
590,0.0378137980885063,590,0.0237393751021661,590,0.0163798687797722,590,0.0152118516072032,590,0.054151201778701
589,0.0375575876996103,589,0.0235917350650721,589,0.016356859313545,589,0.0151020569223604,589,0.0536829236503516
588,0.0373430237154446,588,0.0232481012350947,588,0.0161487274241699,588,0.0148441111200164,588,0.0530563829860811
587,0.0369195681997554,587,0.0231762833923549,587,0.0160739908993568,587,0.0148096388536289,587,0.0528186775773314
586,0.0366957699724426,586,0.022979377743958,586,0.0160466193800474,586,0.0148731481589656,586,0.0523820002381395
585,0.0365523045005217,585,0.0227073837056997,585,0.0157013867566669,585,0.0147366588181258,585,0.0521159723872805
584,0.0361394369237446,584,0.0225750361530124,584,0.0156422645360318,584,0.0146091807377455,584,0.0516165011488221
583,0.0360368508705282,583,0.0225697736285303,583,0.0157550411666138,583,0.0147368998329214,583,0.051356768693142
582,0.0355735325256106,582,0.0223775579574145,582,0.0153522179983665,582,0.0144577604516187,582,0.0510666477667031
581,0.0358411129242296,581,0.0222493161076526,581,0.0153212181929754,581,0.0147055422534656,581,0.0508468197074536
580,0.0357718482814123,580,0.022367664601078,580,0.015587926424844,580,0.0147264292023417,580,0.050809338950124
579,0.0352198128257202,579,0.0221499587998756,579,0.0152170525322786,579,0.0143140978435198,579,0.0501828883469001
578,0.0352476056907998,578,0.021882485423207,578,0.0151456926970408,578,0.0142964409775535,578,0.0501163534454152
577,0.0351011376542502,577,0.0218617959159177,577,0.0151240886881261,577,0.0143165056535905,577,0.0500154083775784
576,0.0347402310097493,576,0.0217285083399304,576,0.0149673711838551,576,0.0140938129558322,576,0.0497115238397284
575,0.0348780779371597,575,0.0216972677525094,575,0.0150611590649143,575,0.0142278802872345,575,0.0498915757460796
574,0.0347540277550679,574,0.0217549067552431,574,0.0150134854937568,574,0.0143588852960015,574,0.0496582367536397
573,0.0346468340843169,573,0.0217970931209633,573,0.0150600602896303,573,0.0143905121934643,573,0.0497400856229388
572,0.0346558336340568,572,0.0215862566695281,572,0.0150756845994647,572,0.0143773741755214,572,0.0496143581797691
571,0.0347045353673577,571,0.0216719340482028,571,0.0150845019966967,571,0.014247085819272,571,0.0496321760607487
570,0.0347411844292712,570,0.0220709958966811,570,0.0148523077258585,570,0.0143972552816575,570,0.0495358985543472
569,0.0345528405878399,569,0.0217106835134319,569,0.0150480007435967,569,0.0141345128453717,569,0.0495696425806214
568,0.0345351262274056,568,0.0218646542760087,568,0.0151034506262522,568,0.0143961314263547,568,0.0496772463745776
567,0.0345465619976809,567,0.0218695543656475,567,0.0151782079522021,567,0.0143140978435198,567,0.0496123849089224
566,0.0348092752120879,566,0.0220572966543961,566,0.0151831135977539,566,0.0145774040646164,566,0.0500816663646167
565,0.0347946914442422,565,0.0218998544811515,565,0.0150587203235341,565,0.01432233795998,565,0.0499411452185108
564,0.0349222318603788,564,0.0219932454938065,564,0.0152183125595818,564,0.0146800240498121,564,0.0500578169724967
563,0.0349518292837948,563,0.0223695178848346,563,0.0153307646100575,563,0.0144244160025812,563,0.0501601374935884
562,0.0351046457975103,562,0.0225256036570988,562,0.0154591789510307,562,0.0146146421692877,562,0.0507150111730285
561,0.0353776381621478,561,0.0224090383179551,561,0.0154291102842352,561,0.014895007579841,561,0.05081955271786
560,0.0354829899214664,560,0.0226565725295161,560,0.0153094463552191,560,0.0149129299111704,560,0.0512972491223769
559,0.0355205475006198,559,0.0226065581008827,559,0.0155940173216896,559,0.014787408773327,559,0.0515434502679418
558,0.035759818049001,558,0.0227903635275371,558,0.015718295635264,558,0.0150188448247032,558,0.0520102429657712
557,0.0359082798175148,557,0.023096341983131,557,0.0154147874943376,557,0.0149773653281488,557,0.0519286945186032
556,0.0362380233768535,556,0.0232726257889468,556,0.0159647300130987,556,0.0151482659508701,556,0.0526628024803313
555,0.0364774644148649,555,0.0233591555447784,555,0.0158741298618342,555,0.0153781511962523,555,0.052715845759989
554,0.0368397055165302,554,0.0234912777830851,554,0.0160992150534333,554,0.0153582251370069,554,0.0532164958775456
553,0.0371258870391303,553,0.0239303346197128,553,0.0163604074227639,553,0.0154998460440397,553,0.0538557215674997
552,0.0376000672334825,552,0.0243993524748785,552,0.0167057610094028,552,0.0159347337385271,552,0.0546508680958187
551,0.037649382574998,551,0.0243361048642231,551,0.0164840448757198,551,0.0158307698500354,551,0.0552112188687841
550,0.0381527361414682,550,0.0247912822832436,550,0.0167717006319808,550,0.0160041015892676,550,0.0557591077215093
549,0.0385677776559098,549,0.0250171991027266,549,0.0169071894123864,549,0.0162768732713486,549,0.0563004686860026
548,0.0389531728670148,548,0.0253723077201435,548,0.0171439858793256,548,0.0164017504077366,548,0.0570557073056267
547,0.0392597633418434,547,0.025579005134481,547,0.0173364848578353,547,0.0164793933841561,547,0.0576519828259663
546,0.039905262180263,546,0.0260746010610089,546,0.0175951878658094,546,0.0168365738979607,546,0.0586134476193745
545,0.0403630006817427,545,0.0263913478044279,545,0.0177435534929709,545,0.0169753668826868,545,0.0593869685255106
544,0.0409745252809731,544,0.0269101795099697,544,0.0181137853462672,544,0.017280964643812,544,0.060353684313851
543,0.041444242712958,543,0.0272756603183138,543,0.0182058527620063,543,0.0172662843569476,543,0.0611692025612331
542,0.0419511325845668,542,0.0278149788182197,542,0.0185750742051739,542,0.01767824803874,542,0.062177234549952
541,0.0424882450096677,541,0.0280844751999627,541,0.0187494508592034,541,0.0178420155788579,541,0.0628989960545104
540,0.0432439852914963,540,0.0287047144321051,540,0.0191265199256474,540,0.0181478191354273,540,0.0640315419947175
539,0.0440276273640181,539,0.0291481074455396,539,0.0197901665628746,539,0.0186051723501243,539,0.065483933411241
538,0.044528107099994,538,0.0296904506121944,538,0.0198296697246524,538,0.0185596476880873,538,0.0663160573547349
537,0.0449628112857459,537,0.0302584218706944,537,0.0200458899037125,537,0.0188883158797043,537,0.0674325870839124
536,0.0460169569609533,536,0.0309788700589668,536,0.0206246959155838,536,0.0193327281568267,536,0.0688831596730512
535,0.0468404243982452,535,0.0314187760495247,535,0.0209024776136721,535,0.0195834161121608,535,0.0701180111358009
534,0.0474997526112449,534,0.0320324010177501,534,0.0212467062930102,534,0.0198572536237168,534,0.071493357965312
533,0.048353207817412,533,0.0326679365166037,533,0.0216379766853007,533,0.0203267465478291,533,0.0727267886250726
532,0.0491477551990929,532,0.0334119371500588,532,0.0221238632269977,532,0.0207220214804873,532,0.0740851676600618
531,0.0499555205526162,531,0.0339601943771128,531,0.0222760459319296,531,0.0208711334252328,531,0.0754095602192628
530,0.0510030340607317,530,0.034626424581561,530,0.0228156534302067,530,0.021030186464517,530,0.0770064805112549
529,0.0515622219469301,529,0.0352748388090486,529,0.023098880879505,529,0.0215293472838909,529,0.0780983789258075
528,0.0524218659019181,528,0.0359143813015571,528,0.0234752384696352,528,0.0216398540663145,528,0.0795522468504314
527,0.0534301496639616,527,0.0367528989827111,527,0.0240309755997668,527,0.0221351947236536,527,0.0811881244006509
526,0.0543785769628582,526,0.0372894274855084,526,0.0242330939522491,526,0.0224051406257343,526,0.0825789060639997
525,0.0550778441745716,525,0.0379918085862324,525,0.0247203049018653,525,0.0227321232363357,525,0.0836998632999199
524,0.0558401717141793,524,0.0387804569938847,524,0.0253616049554154,524,0.0230948950918369,524,0.0856228341486715
523,0.056660817301396,523,0.0392301825437667,523,0.0252390908128104,523,0.0232697035255539,523,0.0867505795917677
522,0.0576951437599708,522,0.0401841577894251,522,0.0261823938612102,522,0.0238961728699305,522,0.0884798227411111
521,0.0584022632377267,521,0.0406411387527556,521,0.0261200406704184,521,0.0238653229342557,521,0.0894870025084294
520,0.0589628529461529,520,0.041402980129847,520,0.0266406124295814,520,0.024240101095211,520,0.0909424146743553
519,0.0596912566561717,519,0.0417767930621254,519,0.0267437004957697,519,0.0243575423081275,519,0.0918691867690897
518,0.0603420243195894,518,0.0424245910102188,518,0.0272185517500755,518,0.0246896977731634,518,0.0929716361531277
517,0.0611433060985365,517,0.0428420515074005,517,0.0272885879622591,517,0.0248604073146996,517,0.0940910040005505
516,0.0617630394829608,516,0.0436643813322443,516,0.0277219555413103,516,0.0251804389404493,516,0.0952803751376618
515,0.0621309378325076,515,0.0438598693079417,515,0.027952660029386,515,0.0253498596607537,515,0.0959903465085637
514,0.0625028249036302,514,0.0440534684940112,514,0.0281274742640113,514,0.0253750795047771,514,0.0966025900659324
513,0.06277311041276,513,0.0444978498221436,513,0.0280949691196023,513,0.0254967261309659,513,0.0972993441721765
512,0.0632819928903183,512,0.0448104761287542,512,0.0283557139678552,512,0.0256163199702486,512,0.097748777130798
511,0.0633446754867568,511,0.0448441993940927,511,0.0283168644149546,511,0.0255736511716126,511,0.098099833205336
510,0.0635229795180756,510,0.0452286861821942,510,0.0284306597656292,510,0.0258324741014323,510,0.0984009412443372
509,0.0636919146185789,509,0.0451408760492918,509,0.0285045957448217,509,0.0256998300521958,509,0.0984382818937852
508,0.063490201074537,508,0.0453581789174122,508,0.0285106217363629,508,0.0255820528043622,508,0.0982587514682593
507,0.0636762081061003,507,0.0453349610489691,507,0.0285494609815235,507,0.0256019592823476,507,0.0984087987490711
506,0.0633178403580323,506,0.0452889600029098,506,0.028350298032241,506,0.0256148097417208,506,0.0980728063363443
505,0.0632551017450206,505,0.0451306800793501,505,0.0283141843107875,505,0.0254874202779905,505,0.097820625823817
504,0.063059128164425,504,0.0449049078714474,504,0.028029441505025,504,0.0253820227657259,504,0.0973223391823319
503,0.0624876993878045,503,0.0445517981557735,503,0.0278170210834101,503,0.0250804637135672,503,0.096526610487887
502,0.0621327896064502,502,0.044500918473699,502,0.0276901980772183,502,0.0249810324491263,502,0.0960068787975795
501,0.0616284432261593,501,0.044236061838908,501,0.0273567056358419,501,0.0247771680961644,501,0.0953239285228328
500,0.0614363928089611,500,0.04403183861847,500,0.0273204263382111,500,0.0246847931607633,500,0.0946360634376156
499,0.0609434874052274,499,0.0437152776075836,499,0.0272480422062117,499,0.0246411198929566,499,0.0940064627054584
498,0.0606224566023116,498,0.0434014073309511,498,0.027153542014027,498,0.0243449206453617,498,0.0932276893492008
497,0.0600542228409677,497,0.0429900680422054,497,0.0266642007839645,497,0.0240902385781976,497,0.0924881994436098
496,0.0596198341572784,496,0.0428856797096598,496,0.0265218093568102,496,0.0240900196788176,496,0.0914631790379673
495,0.0590101772045758,495,0.0425600168065074,495,0.0265538667481355,495,0.0239785047910222,495,0.0909616603767139
494,0.0584671182014164,494,0.0419770785546619,494,0.0259551832552611,494,0.0234922068245005,494,0.0899994949459423
493,0.0580946746485903,493,0.0417490351826138,493,0.0257861855435906,493,0.0232357302428939,493,0.0891271044395614
492,0.057743867557313,492,0.0415563463746709,492,0.0254795969275604,492,0.0231140599674551,492,0.0884624320796364
491,0.0574662328347452,491,0.0414072229613549,491,0.0255157227684125,491,0.0230352764422287,491,0.0878468769665291
490,0.0570447554286589,490,0.0410505142972982,490,0.0253903383587151,490,0.0228533045572314,490,0.0871071841297139
489,0.0566218287415666,489,0.0407908239210861,489,0.0250625007827365,489,0.0227925187045577,489,0.0865551832000376
488,0.0562716489944157,488,0.0405965985407088,488,0.0250894317448754,488,0.0224985313211129,488,0.085865820220367
487,0.0562004036094113,487,0.0406184843535979,487,0.0249192352971202,487,0.0225021027008318,487,0.0854698589411639
486,0.0556064400244651,486,0.0402265542477996,486,0.0246975617086467,486,0.0223464886701962,486,0.0848623359682052
485,0.0553958890432363,485,0.0400998031357078,485,0.0246417226308799,485,0.0222580078883565,485,0.0843672776820082
484,0.0553992415281484,484,0.0401437245678558,484,0.0245445556425512,484,0.0223296195233629,484,0.0842287599146832
483,0.0551666287201754,483,0.0398726579911094,483,0.0244151521254022,483,0.0222572722136586,483,0.0837495220274595
482,0.0548973039935634,482,0.0398579883232284,482,0.0244632117880423,482,0.0222991804106799,482,0.0834819280120211
481,0.0547560091129174,481,0.0397695551948665,481,0.0245117149933563,481,0.0221421408593558,481,0.0831674718418549
480,0.0546045741893754,480,0.0397219557237664,480,0.0241757819567124,480,0.022002122769336,480,0.0826842673516367
479,0.054495625381744,479,0.0397646191312214,479,0.0242814072158522,479,0.0219849946918299,479,0.0824740711241267
478,0.0542793936590732,478,0.0394588627885825,478,0.0240089797653466,478,0.0217905879883145,478,0.0822190544481324
477,0.0542370401083594,477,0.039633436850032,477,0.0241459520578961,477,0.021848811031211,477,0.0820592681714837
476,0.054231203620135,476,0.0395717594192704,476,0.0240882958500558,476,0.0219009979231295,476,0.082083846849418
475,0.0540372949697055,475,0.0396017888534712,475,0.0240301821983126,475,0.0218868684585065,475,0.0817655261825796
474,0.0540564679243587,474,0.039539775676611,474,0.0239854804716441,474,0.0218835199244448,474,0.0817762758185879
473,0.0540839975458523,473,0.0396393923760282,473,0.0241315304470678,473,0.0219554782546687,473,0.0817190308214883
472,0.053913746459303,472,0.0395657481105828,472,0.0238870106478533,472,0.0217344682542799,472,0.0815814487121276
471,0.0541608786373085,471,0.0395605308157723,471,0.024049333672668,471,0.0218464972036215,471,0.0815324745025848
470,0.0538863448498717,470,0.0396175842050502,470,0.023919722035016,470,0.0219622853730883,470,0.0815965043940217
469,0.0538778463062321,469,0.0396405834910278,469,0.0240276378517021,469,0.0219150189445507,469,0.08141827485883
468,0.0540012673492164,468,0.0398038822465804,468,0.0240343407323908,468,0.0218128528211808,468,0.0816007525646529
467,0.0542344884681793,467,0.0398601447617149,467,0.0241166714893838,467,0.0219701000765856,467,0.081641049779118
466,0.0541131708809303,466,0.04004524113077,466,0.0240226039195329,466,0.0220028580119492,466,0.0816629805320685
465,0.0541377425066048,465,0.0400714709164802,465,0.0241957609245102,465,0.0220694707111533,465,0.08179436955677
464,0.0541931657163144,464,0.0399847540169598,464,0.0240470628108616,464,0.0219676494575673,464,0.0815904445754779
463,0.054100914909497,463,0.0400616771423361,463,0.0239733893631087,463,0.0218455716760374,463,0.0816758833300897
462,0.0541203838870366,462,0.040241548761639,462,0.0241020593085646,462,0.0221782080715394,462,0.0818194957905789
461,0.0542639652253602,461,0.0403117572357484,461,0.024179914517123,461,0.022122310617073,461,0.081917014346954
460,0.054337709876547,460,0.0403157337834505,460,0.0241460615216691,460,0.0220294092737298,460,0.0818547499722172
459,0.0544584152944287,459,0.0405530007407427,459,0.0242773010637891,459,0.0221670116601567,459,0.0820320643864606
458,0.0545739882787273,458,0.0407067778056734,458,0.0243411698097755,458,0.0222971639288767,458,0.0822206497925007
457,0.0546617010539864,457,0.0407429417994933,457,0.0243169407399636,457,0.0222729941256799,457,0.0822293460864101
456,0.0547215073695783,456,0.0406749946434155,456,0.0243200890737542,456,0.0222724764106759,456,0.082277272671995
455,0.0546087718480894,455,0.0408791808617777,455,0.0244643346129687,455,0.0222082572885694,455,0.0823923869069969
454,0.0548007920588806,454,0.0410820973205368,454,0.0244768501995172,454,0.0223491594514245,454,0.0825516697109037
453,0.0549547631570507,453,0.0412090500991678,453,0.0245040461418719,453,0.0224113824014501,453,0.0826911253318309
452,0.0549171024583319,452,0.0410733335126795,452,0.0244468900754545,452,0.0224229667207617,452,0.0827841101893403
451,0.0551213378111773,451,0.0413507596790791,451,0.0246835601663585,451,0.0225675922899262,451,0.0829343561555039
450,0.0554239448464655,450,0.0414557479554294,450,0.0246448459226079,450,0.0226334462762775,450,0.0830439720124596
449,0.0552548434576754,449,0.0414986105142742,449,0.0247297861510258,449,0.0225534138560524,449,0.0833270705848355
448,0.0554116812378075,448,0.0417506595681673,448,0.0248382323847395,448,0.0227238583852173,448,0.0833935612368607
447,0.0555985550242972,447,0.0418482763437558,447,0.0248201150191293,447,0.0227129752073302,447,0.0837088089851259
446,0.0556392466926445,446,0.0420501632838351,446,0.0249181112954789,446,0.0227343599557602,446,0.0837601325297368
445,0.0557409778314601,445,0.0422065254897137,445,0.0249359311762202,445,0.0228285308396976,445,0.0839500352904347
444,0.0558239223811312,444,0.0422416733767969,444,0.0249638687378969,444,0.0228526224425651,444,0.0841432888048903
443,0.0559383282584127,443,0.0422228152687737,443,0.0249463492913434,443,0.0229208665017778,443,0.0841850167158485
442,0.0560663419403854,442,0.042496295193423,442,0.0250422076783534,442,0.0229286711838641,442,0.0843576897104207
441,0.0563194176439258,441,0.0427410406129525,441,0.0252054843509617,441,0.0230719911717744,441,0.0846701779156148
440,0.0564842760433028,440,0.0428029984126826,440,0.0252407094753914,440,0.023158863211185,440,0.0848932427433406
439,0.0563596169265369,439,0.0428785937572224,439,0.0252227124816475,439,0.0230523913983516,439,0.0848309908135412
438,0.0565156749118424,438,0.0428980518311925,438,0.025466009338071,438,0.0231843384145651,438,0.0851780221699385
437,0.0565805731013872,437,0.0430742427988004,437,0.025343136445783,437,0.0231236427224194,437,0.0851461188461825
436,0.0566261344166392,436,0.0430905365717682,436,0.0254565668999806,436,0.0231118485924907,436,0.0853141336504157
435,0.0568405284333885,435,0.043380153167832,435,0.0254570335272735,435,0.0233249840643197,435,0.085501975167975
434,0.0569226208640901,434,0.043394341565074,434,0.025550396519361,434,0.0232507502571574,434,0.0857293150085246
433,0.0571448676310704,433,0.0434995961858863,433,0.0255506710652526,433,0.0234416316077054,433,0.0859253181251869
432,0.0572985497747196,432,0.0438651098715259,432,0.0256848074882805,432,0.0235049950082927,432,0.0862519762029323
431,0.0573839194229749,431,0.0439040581178133,431,0.0257038947474755,431,0.0236142837580482,431,0.0863912356315369
430,0.0573440683188332,430,0.0439516599088583,430,0.0256759919294615,430,0.0234619593500023,430,0.0863411160406026
429,0.0576962671840222,429,0.0441709475583115,429,0.025854644908849,429,0.0235309004320231,429,0.0865111102856807
428,0.057725979848618,428,0.0442857925674362,428,0.0258709646649943,428,0.0237406600996903,428,0.0868112104775232
427,0.0577446658689246,427,0.0444658166887946,427,0.0260658600480138,427,0.0238073484876627,427,0.0869946720357504
426,0.0579783089845134,426,0.044609224212997,426,0.0259367994028642,426,0.023921581953798,426,0.0872433004067065
425,0.0579795218906338,425,0.0445577067802363,425,0.0260837820628341,425,0.0238995096077768,425,0.0872507687359018
424,0.0581670305787568,424,0.0447011733478206,424,0.0260978288214984,424,0.0238449489566708,424,0.0875307971661096
423,0.0582787694474859,423,0.0448847855871782,423,0.0261440131483308,423,0.0238297443022559,423,0.0876521271187502
422,0.0584136639794856,422,0.0451295886939334,422,0.0261726883891909,422,0.0239732525877883,422,0.0879622092824154
421,0.0584473645452282,421,0.0449973503146952,421,0.0262180557725652,421,0.0239053626360883,421,0.0878917195012692
420,0.0587853439767764,420,0.0453715699851375,420,0.0263481902201014,420,0.0240618646658163,420,0.0882350529721752
419,0.0587874482840688,419,0.0453903354163824,419,0.0263260492107477,419,0.0241138529967617,419,0.088363242459885
418,0.0589657586730726,418,0.0454735108099627,418,0.0264760525619872,418,0.0242830223129687,418,0.0886539264083304
417,0.0590433013229231,417,0.0455305126849057,417,0.0265573065229711,417,0.0241460341557233,417,0.0886298619818834
416,0.0591954318881377,416,0.0459188303754326,416,0.0265849082626577,416,0.0241797229406056,416,0.0889835654651379
415,0.0594383758468654,415,0.0459772720147534,415,0.02677486571062,415,0.0243744356498963,415,0.0893440123249659
414,0.0593468144988212,414,0.0459729843007269,414,0.0266714674663171,414,0.0244151247424951,414,0.0892930739049634
413,0.0596976421916868,413,0.046260901892252,413,0.0268505029655111,413,0.0246233668965731,413,0.0896969933454286
412,0.0598143803871532,412,0.046508671843033,412,0.026917918508858,412,0.0245934514518932,412,0.0898303902543758
411,0.0598688986643154,411,0.0464265942717402,411,0.0268733041104702,411,0.0244950354144131,411,0.0899214457925827
410,0.0601162628863638,410,0.0467401801629149,410,0.0270535799410538,410,0.0246752854944848,410,0.0903618062668751
409,0.0600868618750462,409,0.0468329276238884,409,0.0271050184098577,409,0.0246784364271079,409,0.0904461829308551
408,0.0604043732334152,408,0.0469203595921294,408,0.0270779346216101,408,0.0246965478831847,408,0.0906707997377705
407,0.0602849186648516,407,0.0469348083237789,407,0.0270580705769647,407,0.0248265560534484,407,0.0908310744407483
406,0.0604497722056833,406,0.0470330205250359,406,0.0272168981389304,406,0.0247230451260208,406,0.0909418721047261
405,0.0606471314079166,405,0.0473125204161619,405,0.0274054779474474,405,0.0248706043250718,405,0.0913317714031922
404,0.0610048502950706,404,0.0476008078045312,404,0.0274701669187829,404,0.0249742326868661,404,0.0918181112275242
403,0.0608865110866926,403,0.0474530885866638,403,0.0275883470580072,403,0.0249838291564386,403,0.0918160644931794
402,0.0610261506067118,402,0.0478409045591777,402,0.0276728441975425,402,0.0250047776152534,402,0.0920074118902131
401,0.0612705682397335,401,0.047753922772558,401,0.0276868044977151,401,0.0250027485318521,401,0.0920502542935268
400,0.0613670679327913,400,0.0479848818005947,400,0.0275557719118956,400,0.0251619232731178,400,0.0922657462308797
399,0.0616415101542928,399,0.0479309678475507,399,0.0276967094097032,399,0.0250458548826231,399,0.0924408941810531
398,0.0614858960515884,398,0.0481923901028602,398,0.0278653482959141,398,0.02511096126097,398,0.0926218478353531
397,0.0617517295245007,397,0.0483143793074739,397,0.0279949558045137,397,0.0252061153054749,397,0.0930155358427085
396,0.0619146631433157,396,0.0485707637581058,396,0.0278433782053928,396,0.0252581310562478,396,0.0930060757098191
395,0.0620464515780598,395,0.0486412605562731,395,0.028427288032292,395,0.0255088871774419,395,0.0932220746389914
394,0.062295089433634,394,0.0488592795301476,394,0.0282539277782414,394,0.0254765499765779,394,0.0934672965626055
393,0.0623521014473385,393,0.0490093035336787,393,0.0279683134033555,393,0.0254889026129004,393,0.0938999898070965
392,0.0622869625443095,392,0.0487636076229181,392,0.0279824212484624,392,0.0252294612669047,392,0.0937250876894777
391,0.0625940375494241,391,0.048956479206384,391,0.0281661687758463,391,0.0255249194159726,391,0.0941236355561111
390,0.0624814819372379,390,0.049050599651962,390,0.0280627149325622,390,0.0253353431350047,390,0.0942213519897898
389,0.0628725474689107,389,0.0492602126351402,389,0.0283805286589515,389,0.025745944604703,389,0.0946423080477715
388,0.0630127074167896,388,0.0494237177900929,388,0.0284302728440806,388,0.0256624805791437,388,0.0948899760078411
387,0.0630321011682437,387,0.0495635202968983,387,0.0285187763075878,387,0.0256305163751197,387,0.0949183515708645
386,0.063324908378406,386,0.049841750625106,386,0.0286321545313491,386,0.0257780271816044,386,0.0956136325868142
385,0.0636895765902789,385,0.0499024648640625,385,0.0287304340752244,385,0.0257247681063047,385,0.0955959539095699
384,0.0634255503001841,384,0.0499892681560942,384,0.0287233264516532,384,0.0258206061789135,384,0.0958234443892983
383,0.0638912628252988,383,0.0501339013991768,383,0.0289285816999517,383,0.025807200212082,383,0.0959135054572969
382,0.0637620613210813,382,0.0502274346565425,382,0.0287793055938549,382,0.0258122274011493,382,0.0960912936924948
381,0.0638756390641999,381,0.0504034561592577,381,0.0288134110490397,381,0.0256608878053809,381,0.0960769219795508
380,0.0641548823238053,380,0.0504604982447635,380,0.0290110707337993,380,0.0258204413489397,380,0.0964244954757617
379,0.0643473283867988,379,0.0507182986257349,379,0.0291044812920803,379,0.0259813451761402,379,0.0965710973427458
378,0.0645971071686072,378,0.051048013954245,378,0.0293639497449692,378,0.02608246262548,378,0.0970424334505931
377,0.0647827175351471,377,0.0512495927330111,377,0.029375665616219,377,0.0260667121516043,377,0.0972755083763912
376,0.0646506670547816,376,0.0509373630487414,376,0.0292515156106518,376,0.0258705250675662,376,0.0971479313851741
375,0.064635316350439,375,0.0511178366349935,375,0.0293530927658234,375,0.0259082496411805,375,0.0975009644225625
374,0.0647982237068108,374,0.0514090407703428,374,0.0294338064947283,374,0.02583390266953,374,0.0974151088823395
373,0.0653080418857394,373,0.0514069719119266,373,0.0295273080315112,373,0.0259995385333524,373,0.0978790927148652
372,0.0657116298784482,372,0.0517581195957307,372,0.0296447467744228,372,0.026079686322472,372,0.0983484749393317
371,0.065274586925589,371,0.0514454950896141,371,0.0296662815796591,371,0.0258975336606957,371,0.0981611933616263
370,0.0656703448244138,370,0.0519379427139829,370,0.0299582847325673,370,0.0262781404804995,370,0.0986229867332871
369,0.0657124730860209,369,0.0521129953856603,369,0.029855595462578,369,0.0263699197615479,369,0.0987585692141504
368,0.0657985792211082,368,0.0520582163612281,368,0.0299498812147186,368,0.0259845605629805,368,0.0987461886119392
367,0.0658779842672455,367,0.0522123857359505,367,0.0298757265250706,367,0.0260654752275854,367,0.0988508011854152
366,0.0658397258507063,366,0.0521962715703769,366,0.0299975865108317,366,0.0261929244062132,366,0.0991061174406147
365,0.0660944337170916,365,0.052394850308839,365,0.030015394133051,365,0.0262461034346634,365,0.0990143189562408
364,0.066237024444078,364,0.0524024729168036,364,0.0300947883985824,364,0.0259801634587538,364,0.0992083445372151
363,0.066548535464378,363,0.0524182150478907,363,0.0300444093619855,363,0.026028011842658,363,0.0994738310295308
362,0.0668626554406052,362,0.0525132056546505,362,0.0302268114150478,362,0.0259977521427831,362,0.0995547880487825
361,0.0665339623358564,361,0.0526638252922345,361,0.0301779709855816,361,0.0258413203101978,361,0.0998303893969394
360,0.0666799570852871,360,0.0527492824288204,360,0.0304512705001967,360,0.0259465545639534,360,0.0999177338420674
359,0.0665150753233729,359,0.0527946774110909,359,0.0303568480848181,359,0.0259589755368811,359,0.0999070469690406
358,0.0665034297474108,358,0.0528617408836689,358,0.0304214229132324,358,0.0258667335582182,358,0.0999745937314074
357,0.0667500749433125,357,0.0529212705837365,357,0.0305539896404477,357,0.0258153591221165,357,0.100153205006203
356,0.0670694460389646,356,0.0529101885528845,356,0.0305329384294134,356,0.0255618177750205,356,0.100261222243102
355,0.067062558481035,355,0.0531065490474989,355,0.0305839296638716,355,0.0256076980088842,355,0.100360981910718
354,0.0672084590977073,354,0.0535376601912101,354,0.0307385230137805,354,0.025857199981694,354,0.100607136372856
353,0.0673208562350259,353,0.0533040812175066,353,0.0306865135019107,353,0.0255625590688208,353,0.100724765573923
352,0.0670814391088583,352,0.0533065688640061,352,0.0304407194908693,352,0.0251233857858728,352,0.100603155031714
351,0.0675433184625212,351,0.0533849223875861,351,0.0308331674096371,351,0.0253734054545164,351,0.101140476372769
350,0.0676479677211992,350,0.0536669305749365,350,0.0308411989610041,350,0.0252241116114372,350,0.101397567668509
349,0.0675460704756546,349,0.053720389588889,349,0.030928555148688,349,0.0251479616104675,349,0.101452267409962
348,0.0679815921035231,348,0.0538649815858978,348,0.0311412796579219,348,0.0250810396366189,348,0.101743145095409
347,0.0681392790793214,347,0.0541298548046127,347,0.0312023275598965,347,0.0248596123965314,347,0.102039390921303
346,0.068633784524489,346,0.0542007026461605,346,0.0312261649927937,346,0.0248799243826794,346,0.102456362603696
345,0.0685589968627609,345,0.0542758151522433,345,0.0312863624206834,345,0.0246435308496689,345,0.10249434857246
344,0.0690869997105627,344,0.0547637320062133,344,0.0315413203586142,344,0.0247353215424766,344,0.103052788021279
343,0.068959762934161,343,0.0547246784792614,343,0.0315171037746922,343,0.0243223887406862,343,0.103341029071736
342,0.0695450936491292,342,0.0550481945908073,342,0.0315923744549886,342,0.024262136011971,342,0.103879054362823
341,0.0697821949846654,341,0.0552611052980599,341,0.0318604930431299,341,0.0241767398314522,341,0.104253268462383
340,0.0701911813104731,340,0.0557359451552804,340,0.0319790381804437,340,0.0239102858050931,340,0.104855529811619
339,0.0705661398614734,339,0.0559498706175148,339,0.0322065515915089,339,0.0234534620194086,339,0.105094617471329
338,0.0708956448362919,338,0.0563320900366879,338,0.0324018014351004,338,0.023270659403939,338,0.10569061832406
337,0.0711754145311995,337,0.0565074195902928,337,0.0325375409176741,337,0.022989776322299,337,0.106223299317404
336,0.0716465248966722,336,0.056800078093678,336,0.0329002509620831,336,0.0225054014822365,336,0.106568570901807
335,0.0720985570285161,335,0.0571225167839999,335,0.0329606529714607,335,0.0221603375376462,335,0.107049729864171
334,0.0723067251217465,334,0.0573563866165952,334,0.0331185812255461,334,0.021687389881077,334,0.107584943733708
333,0.0724720774001903,333,0.0576590479181319,333,0.0332964379664481,333,0.0214090242654811,333,0.108147414903314
332,0.0729573966787344,332,0.0581058009929731,332,0.0335026081981577,332,0.020883763177052,332,0.108796472196263
331,0.0733061280786225,331,0.0582089995826002,331,0.0334933529005188,331,0.0207370905679815,331,0.109339871081835
330,0.0737958170025916,330,0.0586390455232777,330,0.0337205141919998,330,0.0205042161774117,330,0.109890051752828
329,0.0740891587813952,329,0.0589233903555196,329,0.0338913969670537,329,0.0203263667792692,329,0.110414225949593
328,0.074419628042668,328,0.0592306172586671,328,0.0341727850960576,328,0.0201702286613124,328,0.110850146076329
327,0.0748937806190244,327,0.0596514011563471,327,0.034307846710145,327,0.0199340804946207,327,0.111737229161449
326,0.0756994645433159,326,0.0599416994050586,326,0.0344231388623539,326,0.0196973834870923,326,0.11225130305433
325,0.0757841527529553,325,0.0599792336974082,325,0.0349508754017264,325,0.0195753192830855,325,0.112688266659526
324,0.0759578028944538,324,0.0603417863637823,324,0.0347676005907429,324,0.0190665239004644,324,0.113243212281393
323,0.0767138185719676,323,0.0608599763145259,323,0.0352181003942243,323,0.0189647011070318,323,0.114006412515068
322,0.0768734728512517,322,0.0613576167531084,322,0.0353439119010629,322,0.0185470583271474,322,0.1144971005939
321,0.0773718740095234,321,0.0614467403094765,321,0.0353017647769827,321,0.0179992074351469,321,0.115047177742296
320,0.0778828331870957,320,0.0619461585547287,320,0.0357439937414104,320,0.0179870929794354,320,0.115855163625459
319,0.0783041734272691,319,0.0623119412622884,319,0.036277531763979,319,0.0176053774508415,319,0.116523773262377
318,0.0790264962396921,318,0.062833745162788,318,0.0362905050310637,318,0.0172814764425809,318,0.117191210042264
317,0.0793187947998879,317,0.0630195609738339,317,0.0365097020729772,317,0.0167825166543573,317,0.117815600718731
316,0.0799791006336756,316,0.0636645784590564,316,0.0368602756574077,316,0.016718915850696,316,0.118448506911788
315,0.0803390313163257,315,0.0642019655032874,315,0.0371317800811126,315,0.0165650641037665,315,0.119175548010065
314,0.0808992433347199,314,0.0644153592003045,314,0.0375256108315938,314,0.0159873158628142,314,0.119725857414004
313,0.0819614050444759,313,0.0652010071151624,313,0.0380126876539014,313,0.0159540149018728,313,0.12079288020701
312,0.082893562806693,312,0.0658501787999709,312,0.0386518635294666,312,0.0157768376476496,312,0.121736363495104
311,0.0842961431171452,311,0.0667265300178189,311,0.0393734584945695,311,0.0158309846258028,311,0.122789934567544
310,0.0852280077063258,310,0.067695128620559,310,0.0402267530353166,310,0.0156322819139871,310,0.124032672606453
309,0.0865448201341176,309,0.0689559096949361,309,0.0411617764137507,309,0.0155633222176668,309,0.125124913878218
308,0.0890629398004386,308,0.0701264684302463,308,0.0424132027807895,308,0.0151930322853646,308,0.126643649712905
307,0.090949627723243,307,0.0721912880221805,307,0.0444132840236108,307,0.0152446131129075,307,0.128963092146253
306,0.0942002248564491,306,0.0747041988887786,306,0.0465409424582558,306,0.014926673545203,306,0.131526135079917
305,0.0976560333753687,305,0.077652288561222,305,0.0495807847781512,305,0.014793515236248,305,0.134416404983833
304,0.102433487410906,304,0.0814545269476925,304,0.0535138837847452,304,0.0144172978562965,304,0.138557393691718
303,0.108378122533386,303,0.0862077130574113,303,0.0580792580308179,303,0.0143742168292219,303,0.143127673341944
302,0.115068736475131,302,0.0920210416512364,302,0.0637824779387884,302,0.0142022029083187,302,0.148289733729559
301,0.123927084149512,301,0.0993008673042475,301,0.0708818088859363,301,0.0139357559964938,301,0.155711621174291
300,0.134600303054601,300,0.108736483775883,300,0.0802727263658177,300,0.0138689359506008,300,0.164519777802833
