Wavelength (nm),Au@BSPP@10C,Au@BSPP@25C,Au@BSPP@40C,Au@BSPP@60C,Au@BSPP@70C,Au@BSPP@80C
1100,0.705260388707985,0.560716341668434,0.175714652124991,0.0300181124947618,0.0206049348386019,0.0176649562650945
1099,0.727700113449262,0.563859396226653,0.184062343020108,0.0294946979502448,0.0198252261169455,0.0177923637335925
1098,0.722428104347258,0.561244560794183,0.18498741085925,0.0317729213676093,0.0204539063061309,0.0188992117826294
1097,0.725507979678095,0.576468228102451,0.184056331734804,0.0291223076933083,0.0194790354560269,0.018860009439281
1096,0.715703198617257,0.574321637082361,0.183956327227799,0.0311369968926296,0.0172381103707709,0.0186010114410255
1095,0.731868572930577,0.576619123883926,0.185590362613049,0.029778019185768,0.0173605700691812,0.0170021240137012
1094,0.724298912606793,0.578120389191825,0.185065176850419,0.0297881936977144,0.017504543430549,0.0152298674485194
1093,0.727481061439688,0.583437294006717,0.187775054522932,0.0305798468118626,0.0152470797092837,0.0139044294788721
1092,0.734060400231835,0.582962000292749,0.185911037675896,0.0269210031304825,0.0157139475750326,0.0176850962918618
1091,0.730005325767389,0.584348139624081,0.189702472858808,0.0302284210226892,0.017310461399255,0.0155486998759589
1090,0.727561197188853,0.585345431238849,0.187217622211081,0.0297388204333883,0.0164319671461767,0.0133509216972048
1089,0.739540860035085,0.586256547665909,0.188539697217837,0.0310184589256222,0.0160983554202356,0.0157550143243313
1088,0.736433961211793,0.59010414721309,0.190318069421817,0.0299711260656729,0.0165658977688075,0.0162279105915108
1087,0.742667533408731,0.587228115036897,0.188793145051538,0.0291368959915162,0.0184689097936781,0.0140029071352011
1086,0.743162868122168,0.595667717346405,0.188474330793593,0.0282761672948451,0.0148334771919968,0.0160421068712643
1085,0.749097078218587,0.595772668907649,0.191582628003642,0.0294753325442526,0.017647971426325,0.0123863344984956
1084,0.745162003952843,0.597697103562279,0.192370618230521,0.0295469528391669,0.0162898538756056,0.0136002360878589
1083,0.756789259679939,0.60086410269441,0.194696269291718,0.0301589080582685,0.0156923689572594,0.0143607582291542
1082,0.757025790803427,0.603791767974392,0.193205315197819,0.0308838047951,0.0148683263760069,0.01409271662523
1081,0.758376672840744,0.602183484953182,0.19372839288442,0.0292599886962532,0.0152146397242409,0.0131011367359641
1080,0.757811516066703,0.607488150104566,0.195814999047598,0.0312196561589762,0.0159500135872797,0.0149024818254218
1079,0.753908411714348,0.6104186360033,0.192168419683054,0.0296047563974663,0.0140012496174688,0.0138638045961554
1078,0.763329618611464,0.610883648069439,0.198573337873181,0.0274925593788142,0.0143924387794076,0.0132742096197257
1077,0.769654630271166,0.611451382882607,0.198286575583385,0.0282775762963704,0.0155173909393908,0.0123236405156106
1076,0.768930178732754,0.614413672690743,0.198153539678634,0.0284635217179064,0.0141505317848308,0.0122132422747093
1075,0.769480730825778,0.619591728797883,0.197238103329845,0.0297023138863424,0.0151025393578168,0.0125342631797266
1074,0.773283876355046,0.617351847558978,0.199999493533573,0.0296726285921468,0.0157079891928239,0.0136203487558213
1073,0.782444387375707,0.624582050675885,0.198649076356544,0.0294657748295189,0.0120896433932808,0.0118016930469401
1072,0.781325700939165,0.627837853695752,0.198741395381615,0.0278893621033155,0.0125133481793013,0.0146357924786412
1071,0.785939067099385,0.62463369139359,0.200451758335669,0.0291581841598258,0.015745324368742,0.0107548998937255
1070,0.790971777277664,0.627510629360112,0.201477768928539,0.0276645399630715,0.0135491439500206,0.0118040869679419
1069,0.792359163702773,0.627288053447843,0.199946121405546,0.0293117168692601,0.014537572732165,0.0123589280714032
1068,0.794038469644586,0.633191064725214,0.203109328793538,0.0281856140005392,0.0137579304909208,0.0110060202459665
1067,0.79543259214228,0.637329860667439,0.204624700155431,0.0282689013399399,0.0134299968296888,0.0108267891953186
1066,0.79871727644409,0.633565349154026,0.204310669491983,0.0282397834856404,0.01480947815017,0.0110352000733109
1065,0.802125911759295,0.639363071119997,0.204897381325399,0.0301064962582601,0.0125638123301718,0.0110051971855457
1064,0.79979487284069,0.638053502864299,0.204651073148315,0.0285599937883305,0.0136639427553692,0.0119131307588663
1063,0.807052523668511,0.645904253867579,0.206054175499609,0.0280051714591706,0.0143172547527795,0.0108221979022841
1062,0.803304450993692,0.643374479427614,0.205686108496457,0.0294651653591918,0.0134506623196067,0.0106125628730674
1061,0.804977094762588,0.643139698501545,0.207772087664228,0.0271355482449882,0.0133791115851872,0.0100755778829392
1060,0.809903381642856,0.649676974767471,0.206253580065643,0.0277630146796903,0.0123459046320847,0.00993507887514885
1059,0.812605073602188,0.65004050772838,0.20936860851288,0.0289191466835702,0.0132739961046694,0.0106703675676001
1058,0.819181364976022,0.649935028716049,0.207703302352613,0.0291346260533409,0.0119313295586556,0.0109160503913403
1057,0.82362959010929,0.65621412546529,0.208889211584804,0.0283899519810214,0.0123954437231001,0.0108216671200922
1056,0.819758132616472,0.657556789736874,0.21217290219939,0.0286942057689332,0.0131910534465061,0.00974080210652371
1055,0.827596737736903,0.65746779063231,0.210597040456272,0.0282020215861173,0.0119144876606103,0.0094533197157599
1054,0.822343376207548,0.662298784813337,0.212096708867345,0.028331674360935,0.0112201485884208,0.00918178489963624
1053,0.833941233637119,0.665989311309109,0.212618981473669,0.028171748140455,0.011578398246991,0.00984331814681991
1052,0.835442814769017,0.666577626957091,0.21409137394373,0.028386608198173,0.0124000516784922,0.00960231679627767
1051,0.834481719512262,0.668881463496464,0.215029057113656,0.0279182356343716,0.0114793524296236,0.00951406603828044
1050,0.838576269743469,0.668532136449976,0.215908504053576,0.0275383406611613,0.0109395697755789,0.00856244201344322
1049,0.843364033641974,0.674540510814616,0.215463541338856,0.027888451210531,0.0107530159118432,0.0090508254862158
1048,0.849270602031194,0.673045458657647,0.216044197563755,0.028516399026944,0.0108367946667783,0.00860114818174029
1047,0.846064356715744,0.679693924558223,0.217727414324357,0.0276194901892399,0.0110964070810339,0.00785664654254042
1046,0.851877735342064,0.679695348384134,0.217559794135735,0.0278866846360308,0.0118547613917557,0.00875706388856799
1045,0.855732567234371,0.683508116954701,0.216699212500603,0.027267832251898,0.0104683367045101,0.00797991648632026
1044,0.854753673191415,0.68381245581091,0.218705455151769,0.0277519768953998,0.00888856884518722,0.00801772698352151
1043,0.858184503683071,0.685549072283026,0.219464418315193,0.0281874922785803,0.00829090937502851,0.00721871188893702
1042,0.864332271977086,0.692267462916526,0.21977156988007,0.0279485742327371,0.00971626221257174,0.00620232477317206
1041,0.863143711813933,0.693283005304471,0.221523898694083,0.0274626386786223,0.00892001124362011,0.00603417286672634
1040,0.868668163597541,0.693182800103122,0.222442141952205,0.028021958786542,0.00898895468803598,0.00651162646648156
1039,0.871559435187797,0.6924531938717,0.222408315892878,0.0274373800423919,0.00974374063338861,0.00624693993025373
1038,0.872029212911844,0.697019025288798,0.224109966967447,0.0278966769176757,0.00776629892586736,0.00577809274953592
1037,0.875450918420749,0.701326501886351,0.224121329662593,0.0271644819286849,0.00871646865458115,0.00589075044832638
1036,0.881602702155796,0.699337378021212,0.223839041745796,0.0275406850133404,0.00791274110082229,0.00507088518354097
1035,0.881486877280419,0.704849393239647,0.225307328892803,0.0271076359560099,0.00811548527585684,0.00462167120145249
1034,0.884480433568074,0.707044657619354,0.226598542054405,0.0272123231809026,0.00857595973751383,0.00480152613480007
1033,0.883397570346485,0.710568867158651,0.227357848440077,0.0270689805361742,0.00737063021223645,0.0045168229060461
1032,0.892680766482827,0.710906183045657,0.227322414014189,0.0271984883600997,0.00865665240469979,0.00464822736941632
1031,0.892100130674197,0.713197349662374,0.227425754296482,0.0271214954369675,0.00831647708820042,0.00476810354280421
1030,0.895802192587826,0.718123752423833,0.228955616618657,0.0266823401915949,0.00771235760386391,0.0052893646297626
1029,0.900122125608182,0.717531489128747,0.229702233147721,0.0271126506674391,0.00787976358196921,0.00465335564409002
1028,0.898849204474704,0.722624290989521,0.229996975345537,0.0269115014644261,0.00840960483894793,0.00523363407010908
1027,0.902144005744586,0.723760519234193,0.231923673992465,0.0277334616422307,0.00774189669678839,0.00441432729876982
1026,0.905391955295674,0.727384807509878,0.232095385815349,0.0270198603302575,0.00807062501610445,0.0044947211441307
1025,0.91013291797579,0.729204454502422,0.234008941842194,0.0275642395599046,0.00828141091769438,0.00417341796755503
1024,0.907518200388101,0.730345391624455,0.233079753939129,0.027872800714736,0.00765381236872465,0.00426453735153589
1023,0.914972415656331,0.733647314284654,0.234067157029551,0.0278468558089986,0.00797372051931863,0.00501070476077233
1022,0.91866473912595,0.73584234779322,0.235731939647428,0.0289385149738837,0.00857683101150646,0.00532492378270942
1021,0.92008274313038,0.740685520111605,0.2361451549242,0.0283306243854448,0.00807284022881189,0.00527254252253301
1020,0.923851840871718,0.743705968509154,0.236826668692915,0.0294334740807319,0.00882862321820292,0.00504618872699755
1019,0.927966292975564,0.747213122685713,0.237894751209693,0.0296896468039395,0.00916742872106434,0.00499439096542586
1018,0.930576837838416,0.746384929462765,0.239007968185728,0.0298992694058582,0.00882098860456043,0.00514532350864919
1017,0.929893239221609,0.750552055478802,0.240453282516819,0.0299707932401515,0.00894588026816349,0.00523562525981008
1016,0.936644663410447,0.74938926842678,0.240471700845338,0.029973039817371,0.00958582961036319,0.00566197624051113
1015,0.935672644319566,0.752268107943577,0.241515209815946,0.0310784329243416,0.00977010884518883,0.00616671996689548
1014,0.937498330884625,0.755522277272962,0.242084867485129,0.030744746791429,0.00978318764861861,0.00640075161421086
1013,0.943488583270974,0.75832191578661,0.243000884497461,0.0319746914182758,0.01042150930534,0.00773602033891183
1012,0.944998012776411,0.761454400692127,0.244252191258993,0.032123425560976,0.0113922341767571,0.00790752147060207
1011,0.949214707305198,0.763852259485794,0.245530759376509,0.0327604900811886,0.0123709131765844,0.00842356648658257
1010,0.95080770620207,0.763913956008054,0.247166887592113,0.0338602206065374,0.0131757369405923,0.0101143131659479
1009,0.953332126130114,0.767550895037251,0.247064548816968,0.0341647197008005,0.0144872801861805,0.0101668577205125
1008,0.957289897814423,0.771095402108613,0.24883693132499,0.0345570730815316,0.0143923585048226,0.0108316990132522
1007,0.961163652565403,0.772095413605013,0.249791793361255,0.0349016130465717,0.0142627879089526,0.011708154265805
1006,0.962248426880746,0.773069217835673,0.250855291025423,0.036119379121129,0.016253869261161,0.0126227034681719
1005,0.964624139225393,0.777878937729997,0.251591765126695,0.0365684117283742,0.0167667231997501,0.0137840358674854
1004,0.964553218208037,0.779022695109654,0.251768198329577,0.0378159161596129,0.0176187213165823,0.0146010154902553
1003,0.969705661714024,0.782071067145761,0.253618078248421,0.0382185089551398,0.0188567652659579,0.0158030915118601
1002,0.974826428761994,0.786491911322576,0.254680529064342,0.0394929384883837,0.0196373627196439,0.0168980658017852
1001,0.976926211888059,0.78543655655524,0.255874439475798,0.0408563434058249,0.0209577292910333,0.0179934064843447
1000,0.978277913750559,0.790422311102407,0.257704584574695,0.0416693337614158,0.0219315452733317,0.0194157965032643
999,0.982559356585514,0.792874533090319,0.258994628208518,0.0423343781619299,0.0236521681980046,0.0208587213173189
998,0.980843940370294,0.793271975268813,0.260063075044768,0.0435865026851124,0.0247023294601223,0.0232549286443883
997,0.984940392544271,0.798092675534254,0.260172623238354,0.0448486481905612,0.0259986315956835,0.02372838442761
996,0.98838739184557,0.799728801501501,0.261581162782304,0.0457073149477894,0.0275778929557144,0.0251310655816687
995,0.989213006476624,0.80356888311951,0.262290322068104,0.0468501127290964,0.0287638718885657,0.0271964490014757
994,0.993212618585809,0.805067846918512,0.263808863322848,0.0485121747166991,0.0303484090918004,0.0286710322998415
993,0.996039787187317,0.808731236067393,0.265205666470821,0.0497620887652733,0.0324247564473823,0.0310196822345983
992,0.998184495336758,0.811602984844114,0.267636184563504,0.0522727607886302,0.0350114230116825,0.0337199546732488
991,1.00086055091834,0.813300929224626,0.268606476375693,0.0535859783279597,0.0368468908659746,0.0355889010778785
990,1.00087614600718,0.816652367886479,0.269742795808222,0.0547845522012063,0.037933810164741,0.0369838579018443
989,1.00512040672678,0.819049771499669,0.271032914759771,0.0559581447932945,0.0394543554711082,0.0398584139352395
988,1.01040062951915,0.820389371754658,0.272270569679583,0.0575271949962122,0.0415500226846338,0.0412237939387547
987,1.00966285898334,0.822853815310967,0.275085777057394,0.0591531301490996,0.0448194878768912,0.0436318085562762
986,1.01076610444777,0.826565225131766,0.27549729571686,0.0605013650031512,0.0458315134807887,0.0461613383078179
985,1.01631189894807,0.827392674599662,0.276012609551531,0.0621668397605144,0.0477947529168682,0.0484495418153986
984,1.01519104182786,0.831021002156504,0.278163196639746,0.0632992723779665,0.0508349174705039,0.0509027849643504
983,1.0159934929347,0.832371705098805,0.278699585473368,0.0656883218600695,0.0526595879443173,0.0527455995926362
982,1.02174364641019,0.837022434662308,0.280352228345501,0.0671287500151418,0.0545036371189158,0.0554526201031046
981,1.02375861628733,0.838328001185186,0.280830588973238,0.0683642819640112,0.0564881381291053,0.0575998997937438
980,1.02629682068142,0.841909594244734,0.282889567758308,0.0709433731050829,0.0590107109662227,0.060931126513025
979,1.02854149934433,0.844258373681952,0.285332998502819,0.0732069084088915,0.0614962447316493,0.0635825203683187
978,1.03106979916108,0.845847301702767,0.286413818133591,0.07461166755051,0.0634588930797529,0.0660207450217048
977,1.03587096984209,0.848210004234363,0.287701127483795,0.0758129098200249,0.065090390124905,0.0680337544795861
976,1.03938147949094,0.850826090269438,0.288467411899417,0.0771095090933051,0.066904295578293,0.0699108892587013
975,1.04192811039806,0.852779009592928,0.289358007059588,0.0785312493857253,0.0686291762378608,0.0720749037085668
974,1.0439702065437,0.854755294355419,0.290775523456728,0.0802800134979225,0.0710144266235234,0.0741154396962503
973,1.0437128442978,0.857988419048459,0.292526432959326,0.0807430281399527,0.0723890111272848,0.0762845754412194
972,1.04576703683547,0.861526525676381,0.293635302550721,0.0825553324313953,0.0742578632470867,0.0777076378306323
971,1.04712200755321,0.863589767564077,0.29484627209137,0.0838485425321891,0.0757837212573389,0.0800382331939165
970,1.04902141665473,0.867206070966125,0.296356873075634,0.0861219778849617,0.0775241269814505,0.081767026115817
969,1.0519826183555,0.869788902298501,0.298249289601439,0.0861263336822235,0.079735963706196,0.0840898779019737
968,1.06018034852962,0.870046904769536,0.299110296009917,0.0874727253366996,0.0803914844887797,0.085656033700447
967,1.06415589505359,0.873528216128004,0.300116147683501,0.0886666893497627,0.082741263901641,0.087923951942828
966,1.06204715332266,0.879263529841817,0.302033121449547,0.0904826226522979,0.0846884555448967,0.0893902817982368
965,1.06766466554253,0.880125555295794,0.302741111231801,0.0904336863726303,0.0856475838111714,0.0902752153050154
964,1.07044362936377,0.881345771315558,0.303047463734098,0.0928213077244869,0.0878424088121406,0.0928484905856339
963,1.07324175374772,0.88335002570143,0.303707828424279,0.0934886770022472,0.0879319708077514,0.0934734601849717
962,1.07522816426988,0.887545115805405,0.307048367435899,0.0935190480247928,0.0876043638542408,0.0941178806505068
961,1.07447101771688,0.890454379847319,0.307409127352737,0.0933645823994533,0.0889732078349189,0.0935564528897415
960,1.07882240772589,0.891984500327595,0.308466163804794,0.0923784475954736,0.0864459095317174,0.0927073377400029
959,1.08498288325734,0.893074798158281,0.308328332346233,0.0921479533394305,0.0865865582578329,0.0919907752029611
958,1.08370184859836,0.898595753950954,0.309707721463105,0.0907716663682219,0.084249093203176,0.0907997741157512
957,1.09432167166328,0.898124764859431,0.310098451051852,0.0893962288165683,0.0828842266189991,0.0878511233402535
956,1.09538853323281,0.90277806956872,0.311082233365281,0.0877370877627376,0.0802585261519834,0.0850680868315547
955,1.09524889756035,0.903971625456897,0.309858143365996,0.0867012086582779,0.0777234266669951,0.0821154947276228
954,1.09805050151383,0.906096124327562,0.310453633202721,0.0843154108522448,0.0747679985855733,0.0793296083391361
953,1.09672323899636,0.907560933650288,0.311156073170289,0.0819241103016629,0.0713968093670293,0.0759317494048815
952,1.10549812288517,0.912730361673006,0.312429006259219,0.080770556599605,0.0692242314398982,0.0726269974569747
951,1.10773343005314,0.914734986713425,0.313296303344377,0.079882669588078,0.0683409826364327,0.0706042991883956
950,1.11098292429591,0.920412247654346,0.313213286671297,0.0793099390846648,0.0660860847174263,0.0690635098396161
949,1.11387818279995,0.921641124664321,0.314142097506504,0.077865737845682,0.0643893885456855,0.0666298280969447
948,1.1167874526936,0.922070913239968,0.314185827290837,0.0769809203478874,0.0623330069676916,0.0650502465542373
947,1.12382059185801,0.925547081550563,0.315477961252649,0.076076342878895,0.0608624182796946,0.0635836291580985
946,1.12242394451181,0.931392041965937,0.316331317223903,0.075889820443131,0.0598135188453341,0.062121380415119
945,1.1266292960281,0.929262235478193,0.316988924982544,0.0750132611533458,0.0591191374878239,0.061186726014944
944,1.12401199887266,0.931405193608555,0.318040168674435,0.0744982897446661,0.0589496291692063,0.0605055605346963
943,1.13005206037595,0.934142811090008,0.319170770314881,0.0739226680707701,0.0574973481766112,0.0590206153291367
942,1.13218144407443,0.938356711837675,0.320741979319443,0.0733061280786225,0.0565061223397448,0.0575777324071768
941,1.13741792134611,0.94215870069892,0.321520779023904,0.0726460297586795,0.0558376400752077,0.0567135842470629
940,1.14132519126577,0.94530344483484,0.322471300432863,0.0729348294611489,0.0548649938974912,0.0559332932947972
939,1.14357591867002,0.94428659914464,0.322775758044231,0.0723378824997406,0.0544282211235699,0.0550615057987402
938,1.14394495725741,0.948291383203916,0.323317295316802,0.0721092533972267,0.0541532251040359,0.0548062250582212
937,1.15152461724738,0.951664137808836,0.325032929505853,0.0722217034543553,0.0530189742841714,0.0541159563772198
936,1.15468919062563,0.95356772726002,0.326403099241268,0.0720741091749631,0.0525754632294662,0.0531259442442856
935,1.15512662323671,0.95529399445487,0.327722658315002,0.0713520820517082,0.0515482597046581,0.052154996344498
934,1.1605128216806,0.956441570086052,0.328827532824799,0.0706912894049615,0.0502742524346663,0.0509402446800484
933,1.15917589154008,0.962465915015893,0.329442636306135,0.0702029566231853,0.0496826737014907,0.0500722542677996
932,1.15983400056648,0.962367928025702,0.330509345281555,0.0697445333569748,0.0491085367551973,0.0491606838584716
931,1.16546920121925,0.968211171404284,0.331518446632258,0.0692473960378543,0.047711016247962,0.0478322344964499
930,1.16535933183802,0.969833994466984,0.332173694824861,0.0687367561020251,0.0474479489202018,0.0476676517381612
929,1.17367258200511,0.971328879381802,0.333437961084071,0.0687749976425116,0.046659672860107,0.0466035024180415
928,1.17471499157489,0.973826453610799,0.334032541231439,0.0682851784062483,0.0458606842894864,0.0457154825420287
927,1.17414174567637,0.977016675380555,0.335206617476328,0.0679980605692903,0.044944265276515,0.0445291109320698
926,1.18064687065739,0.978340553220645,0.336292396867989,0.0674909428115965,0.0443923816899278,0.0440511478862391
925,1.18239516940923,0.981903766376751,0.33736612126905,0.0675162226489521,0.0441295110704704,0.0434357937921298
924,1.18229575342698,0.983035510139995,0.33837502231412,0.0671455185274017,0.0427894577791272,0.0425163356606662
923,1.1859792071726,0.988154956612943,0.339313326165813,0.0673313751216696,0.0427001401688588,0.0420286329499351
922,1.19058892715972,0.987799489503453,0.340349436748033,0.067208821719835,0.0421638782615433,0.0416284201579124
921,1.19190759890214,0.990804771768735,0.340644545528906,0.0668350284009365,0.042256366721407,0.0406286602110435
920,1.1936427833482,0.992928367719945,0.342610384295331,0.0670060725440619,0.0414461222614435,0.040794719551558
919,1.1966019814794,0.994374483098312,0.34312139750771,0.0666677638307213,0.0413974844432697,0.0403078091279796
918,1.19657180865143,0.997622995142413,0.344401424341885,0.0665085284196992,0.0409782803225445,0.0392770764102683
917,1.19862237008135,1.00086567356767,0.345560569326944,0.0669758087705958,0.0408595570723505,0.0398303811817865
916,1.20139025812163,1.00338019881304,0.347500810216864,0.0683137461255723,0.0417413978021514,0.0407194576053331
915,1.2042921066778,1.00320808321566,0.348873819183223,0.0683787954409591,0.0415977374845035,0.0406014303785552
914,1.20397183664382,1.00862541390318,0.349202341968803,0.0683149882429542,0.0411442173006487,0.0400033732727529
913,1.20763292562381,1.00942444438037,0.350345882461721,0.0682379231019359,0.0411752379325878,0.0397798246564784
912,1.21116864907933,1.01234932025093,0.352515882565611,0.0682559764445762,0.0410140401861115,0.0395020106727672
911,1.21241606350062,1.01393231451302,0.353079428178757,0.0684814338060509,0.0412015075948382,0.0394812016310245
910,1.21877430258099,1.01564959063852,0.354803557868012,0.0691198694534121,0.0408398204162197,0.0397675410471783
909,1.21446153113359,1.01664650863481,0.355615989096121,0.0693549773292659,0.0409271917835048,0.0392460493880027
908,1.22150062475496,1.02082118839213,0.35619177470996,0.0690706112945172,0.0411156176719703,0.0395125856768894
907,1.21699342256413,1.02219813621853,0.357858426956111,0.0688543118086518,0.0407905111347535,0.0395690656621641
906,1.22127142772921,1.02491543837643,0.357996324831437,0.0691585697077823,0.0402210734278133,0.0390636156687786
905,1.22659005303867,1.02664836726937,0.359804818257235,0.069914021203474,0.0412187559295498,0.0395637632627792
904,1.22846602582042,1.02942092563846,0.361742080005246,0.0714896652885167,0.0422127731611142,0.0406132543967234
903,1.22881006403239,1.03244913527373,0.362286017771439,0.0712807292480727,0.0415796764600685,0.0408177812622658
902,1.23074176936024,1.03402067400631,0.363836159491284,0.0716834969498737,0.0418320576135791,0.0399547264721855
901,1.22950787846421,1.03271323394219,0.364787799896428,0.0712078937576479,0.0411608087942215,0.0402256455060236
900,1.23531085091213,1.03519382529863,0.366405436661731,0.0717068541631335,0.041293478162161,0.0402116454433428
899,1.23623170160346,1.03974977581807,0.366900930489379,0.0714928696756699,0.0420290036618852,0.0408457071924096
898,1.23704106479982,1.04262987294578,0.368736196796693,0.0721554647375845,0.0422302614132934,0.040984311214833
897,1.24105736274418,1.04367552332801,0.36977439373961,0.0724604545061679,0.0420169984587702,0.0402755723248117
896,1.24437757725673,1.04577728371071,0.370835932223023,0.0726750387940053,0.0425071146470602,0.0408852957019991
895,1.24670309800099,1.04905952592557,0.372458568493333,0.0741555702828315,0.0433861602955668,0.0419412678202375
894,1.24358624435008,1.04875905337782,0.37382387544876,0.0744750584782715,0.0433927968380497,0.0418087994723888
893,1.24768107261951,1.05344123765205,0.374591754040519,0.0747517941119995,0.0435280957094394,0.0421394613994777
892,1.2495886646039,1.05349836540377,0.376233219778802,0.0747865714393244,0.043670821757361,0.042497094510592
891,1.25054772919056,1.05606650393237,0.377587275344722,0.0752003923704163,0.043577230303607,0.0424100346798311
890,1.25253355226302,1.0567601993992,0.378355532991306,0.0756306906385735,0.0438209822926419,0.0423731608262676
889,1.25430272571901,1.05634065147877,0.379998117887577,0.0762697027831736,0.0440961870817296,0.0424092069815866
888,1.25038909135632,1.05834677403048,0.38095289670576,0.0771186601281919,0.0445210516600118,0.0427195902488808
887,1.25457050817101,1.06289470253772,0.382007929127052,0.0770585945249677,0.0446172277479257,0.0433028402690274
886,1.2619385726258,1.06263683277797,0.383749931958728,0.0773766997426475,0.0448496527638129,0.0434848321078805
885,1.25782291312541,1.06531811347668,0.384420232126461,0.0777751623467327,0.0448225588019366,0.0436400230769681
884,1.26137281192119,1.0673920072631,0.385810889281271,0.0780462019633296,0.0449672900073159,0.043677977897287
883,1.26258292497207,1.0700470813013,0.386714816975083,0.0787055672325464,0.0455097577321994,0.0438265373673647
882,1.26420960915201,1.07214010625651,0.388592998494872,0.079621613531455,0.0464446851519857,0.0449492892720103
881,1.2654821311793,1.07402380878624,0.390835810562331,0.0803698670338823,0.0474105004901067,0.045587522042422
880,1.26473252806029,1.07483748942438,0.391325956807468,0.0809651137660622,0.0476108019650167,0.0459864518938288
879,1.26548409893638,1.07582246510836,0.392457483356339,0.0804641008497102,0.0474392000772971,0.0455889308404071
878,1.27291147887825,1.08027895467626,0.394243888998043,0.0814125297581924,0.0478045203568722,0.0461595533968808
877,1.27692127003801,1.08209715306268,0.394536137349919,0.0813474343347641,0.0477257513441516,0.046340096863956
876,1.26978969513585,1.08225952639241,0.39564024470727,0.0828773655888725,0.0480547630864658,0.0462075470231376
875,1.27130916277981,1.08338039559313,0.396095794730642,0.0834833083953642,0.0483784974022887,0.0464332486321119
874,1.26878212554274,1.08813149962798,0.398513917221598,0.0836118287544568,0.0487280148265976,0.046726285606499
873,1.27346214478378,1.08403524063259,0.400105088704306,0.0842938172167351,0.0489758058479285,0.0469593809234146
872,1.27099843007909,1.08898593250427,0.400478959935303,0.0848710853208639,0.0495437612874895,0.047774611877617
871,1.27832314948958,1.09020874606707,0.402088075534713,0.0849803097004508,0.0493423055248217,0.0480356508688476
870,1.26972926531801,1.09245680348357,0.403273088934782,0.0860268871993491,0.0508745249550684,0.0478187384432232
869,1.2778206703296,1.09320312151762,0.405927742749232,0.0865958163867309,0.0504386050599523,0.0489267520483656
868,1.2805340211029,1.09799028421443,0.405739329211867,0.0870814021467451,0.050805759823394,0.050074258678731
867,1.28222917576259,1.09646363834214,0.406349415570248,0.0878207024750844,0.0512591760244929,0.0500673449525663
866,1.28222260665787,1.0975823241585,0.408048161584181,0.0883549300912886,0.0520644030972536,0.0497033387969229
865,1.28831851152756,1.09734119761871,0.410507471487645,0.0880487524013121,0.052317521987644,0.0495648550054243
864,1.28525883393997,1.09557083239218,0.410096551615755,0.0893024852978983,0.0518471322127651,0.051051740652777
863,1.27833205523001,1.09845861766297,0.413393742384529,0.0897922226497489,0.0530292693991352,0.050776836905944
862,1.28967440787761,1.10017479489385,0.412167420868467,0.0891821238708674,0.053888103190009,0.0520873122975738
861,1.29349490435046,1.10208246501968,0.415150081546047,0.0914939839540944,0.0537948916719409,0.052312032433893
860,1.28299733024317,1.10294357396537,0.416133282324613,0.0912772774936671,0.0542997799776542,0.0523840737465491
859,1.28546242206151,1.10235556349114,0.417496596154072,0.0916204859677519,0.0548768896078237,0.0530773847486059
858,1.29006659708103,1.09650263118292,0.418981124531484,0.0932100112785798,0.0549126374438352,0.0536376700438907
857,1.28832030270535,1.09954827707505,0.418675558367885,0.0940998769690133,0.054267220989889,0.0541072187750506
856,1.28739841487611,1.10506796782675,0.418890145194539,0.0941762048437886,0.0561810473911586,0.0540636213536113
855,1.28302256766154,1.10953294466161,0.42286853765517,0.0942214163053112,0.0566877456347109,0.0567045582557106
854,1.29612633873743,1.10854392174527,0.424797678172772,0.0958293833253945,0.0575341102946195,0.0554521789309697
853,1.27727428748297,1.11229140428673,0.425951164683764,0.0963644789562726,0.0572759842705641,0.0553725105916271
852,1.29630823165285,1.11062698834063,0.425357046377541,0.0962799140184652,0.0578970815675416,0.0565913068578893
851,1.29028334237884,1.11138527463313,0.426729513812098,0.0972230159446571,0.0578250958931775,0.0572057846958458
850,1.29353430744628,1.11854863929348,0.42780211335336,0.0975198225164435,0.0598536863367373,0.0574356810974514
849,1.29479342976362,1.11349797322804,0.428976581263479,0.0983016307422902,0.0585077833537214,0.0576931925566831
848,1.29154243178623,1.11831449759527,0.429817027835791,0.099476858101235,0.0594085161192314,0.0580434261256152
847,1.30045149968582,1.11698883118714,0.433746073262105,0.100127842945583,0.0599124290689101,0.0591560668127555
846,1.29967477513469,1.12253608437575,0.434232765068738,0.10064424292218,0.0601612154997892,0.0585965905644901
845,1.30268436979142,1.11820599114287,0.432413918007357,0.10218056417162,0.0605150527024543,0.058946100920087
844,1.3055724462519,1.11614624728112,0.434601513294987,0.102045710152937,0.0608994663624352,0.0598868451421073
843,1.29771586665092,1.12224682766859,0.43562726369792,0.102188686877385,0.0611898850801205,0.0605637963177016
842,1.29748209379511,1.12019070584813,0.438103573158254,0.102776840272626,0.0616580681279608,0.0610028245855674
841,1.30512321642453,1.11885216153211,0.437775106777065,0.103880566886068,0.0628408950573338,0.060698152279642
840,1.30167739419395,1.12508137445756,0.439028252145146,0.104841161714649,0.0635191142895806,0.062396927468177
839,1.30144769831202,1.12091420869013,0.440964309148206,0.105751904658722,0.0637347807015572,0.0623218913192082
838,1.30613498155074,1.11986910434727,0.441885188186721,0.105796058633384,0.0638732400719667,0.0629251470315547
837,1.30223409243732,1.12284678664934,0.44204762103795,0.10639738903956,0.063928690166559,0.0628659954098785
836,1.29974039010906,1.12443897638705,0.443581370172958,0.106943355618445,0.0647742134163894,0.0629949006453178
835,1.30175342469445,1.1236065156766,0.445467405441186,0.108012388565849,0.0653444782318192,0.0637037548269574
834,1.30287065553971,1.12648548218529,0.446421661745387,0.108786928029651,0.0659616825387977,0.0646612115907153
833,1.3052624194848,1.12388824397443,0.447867570363091,0.108841435691187,0.0666468791504337,0.0648855914975735
832,1.30271860606841,1.12573509742341,0.448909565577153,0.110907787205657,0.0653827231350567,0.0648040536897519
831,1.30504368718138,1.12095721261749,0.448226794655109,0.109259333258991,0.065661582418496,0.0644194125639662
830,1.2994078044359,1.12540500327409,0.449209277966204,0.109574777897868,0.0660365968306896,0.0641415595207987
829,1.30362799152718,1.12613089294046,0.450336487170383,0.11049067152358,0.0656110288965907,0.0638934220073144
828,1.30773248775412,1.12935445859861,0.452437475566369,0.111155814865547,0.066276463717302,0.064645409903162
827,1.30543513772329,1.12689730395361,0.453314364498219,0.111904366229816,0.0668238271183769,0.0654752349618243
826,1.30239265887465,1.13002992823732,0.452502300317291,0.111886346758388,0.0666736189646937,0.0651855767901996
825,1.30249033942969,1.12788415363422,0.454217005961625,0.111801484430512,0.0664171536008647,0.0645103079201407
824,1.30439372659407,1.12821770314819,0.455339652414782,0.112820190014023,0.0668569789217885,0.064924848109248
823,1.30617738199263,1.12934709293453,0.456652412101507,0.11401411995527,0.0681083608953267,0.0662167333082313
822,1.30654177075628,1.12885348599094,0.457240063099482,0.114908572891365,0.0677156704722403,0.0670776629176274
821,1.3060834517602,1.12945318798938,0.457706702319531,0.115368172738418,0.0681561472242465,0.0667000887770453
820,1.30500515258098,1.12618947346762,0.458167933268357,0.11474556894091,0.0683938548222432,0.066918367767433
819,1.30251017688225,1.12869727080044,0.460857376072192,0.115710455177465,0.0688002916772457,0.0672053163852835
818,1.31147354583274,1.13309804049333,0.45963699052322,0.117277844337404,0.0690468491896813,0.067340926975084
817,1.30219875876819,1.12534143279916,0.460243150449312,0.117403333646122,0.0691266379549529,0.0675777350022683
816,1.31599862615094,1.1321199004922,0.462446074685998,0.118206747280405,0.0702818929314634,0.0677574529947201
815,1.30054108440774,1.13060498765209,0.462843153989213,0.118058229753686,0.0698036565819921,0.0682329858251547
814,1.30061258446495,1.12730075404597,0.463211790251581,0.118173308568345,0.0708367079671844,0.0682835728531958
813,1.30609435304206,1.12890324812829,0.463877495992499,0.119624379283073,0.0705040505654213,0.0697130447854222
812,1.30835232135415,1.13022452888769,0.464701547135656,0.120242651960505,0.0715891343853722,0.0688077224590127
811,1.30715439277055,1.1302474570752,0.465689156276111,0.120831991563213,0.0715243044413238,0.0695527194777935
810,1.29971806571113,1.13579791393354,0.466129454992456,0.12077766738794,0.0721361177248918,0.0702485699565722
809,1.30093111605075,1.13146679527951,0.467894100996951,0.122628683792663,0.0724636660642052,0.0710429000645423
808,1.29640388079542,1.13483354253893,0.469249846556924,0.123182701523974,0.0727072019199723,0.070089932882453
807,1.30546736863576,1.1314281683226,0.468778948719799,0.123849992551751,0.0726528228400394,0.0706436192886717
806,1.30462792271442,1.13164823903946,0.469021003266868,0.124123438584076,0.0740658572910396,0.0714488037959033
805,1.30733131241075,1.12522649405658,0.470557130773798,0.124838379676612,0.0740653354010904,0.0711377233754313
804,1.30528097890769,1.12877404382773,0.469952607023174,0.125628057215595,0.0749899407948756,0.072332623197674
803,1.31031944719803,1.12816258636961,0.470311772388554,0.126105793126882,0.0738662647870755,0.0724592004756673
802,1.30427090566802,1.13097904283448,0.474027408503504,0.126478190996356,0.0756367602986128,0.0732282947967858
801,1.30422706110962,1.13221803220473,0.47146436647177,0.128210904454405,0.0751718912755441,0.073478912653062
800,1.30367620313203,1.12939996286714,0.471734767204033,0.12816121288622,0.0765203534982659,0.073822601769319
799,1.30151439155319,1.13144975870384,0.472834050734203,0.129113191302017,0.0761830071765997,0.0741806883286483
798,1.30219752587296,1.12351512662232,0.473517570298588,0.128838014306391,0.0773096083014696,0.0745233354251954
797,1.30373031327857,1.12727867491756,0.473356405336994,0.130231402849618,0.0770942062732317,0.0744266332725734
796,1.30981921884823,1.12909856410881,0.473839077802868,0.130611832670113,0.0774636030500328,0.0756454798064214
795,1.30488304007895,1.12389904691023,0.475824196817601,0.131954947054921,0.0787465276518571,0.0762954988381333
794,1.3039836006182,1.1238437438771,0.475092360800777,0.132250428872841,0.0794288382397206,0.0766771261543141
793,1.30552771813522,1.12674789924495,0.475818002756257,0.133031347231891,0.0790316509181173,0.0759678855518945
792,1.30400774178806,1.12697414953313,0.47396684545449,0.133360640342036,0.0793309755874101,0.0778826163941332
791,1.30065849034465,1.12868917647622,0.476392412996015,0.133926836813345,0.0804731047538144,0.0782269580659383
790,1.3001843095927,1.12620561262302,0.476697242524859,0.134624478104401,0.0810833438104895,0.0782820706388083
789,1.2982105365832,1.12487206809996,0.476590735331503,0.13577294805436,0.0811960822680656,0.0783703645219024
788,1.29690942961705,1.12673117674239,0.478664753018054,0.13646806988393,0.0823088720738127,0.0794763324154396
787,1.30553569561967,1.12546067826903,0.478218223731762,0.137088484648232,0.082989129288882,0.0801286904659514
786,1.30646073628517,1.12498712880775,0.478007367611239,0.137310164707925,0.0823749879628345,0.0793382469346392
785,1.30165633097938,1.13043088247297,0.479164209906194,0.138234600758491,0.0839463293826792,0.0807438698676704
784,1.30249952753156,1.12360922538681,0.478366989860609,0.139205376564642,0.0844820668529736,0.0817512145801327
783,1.29810741780266,1.1270129892457,0.478424742446751,0.139604533951076,0.0844574464059491,0.0822950431417746
782,1.30642273098601,1.12485666858604,0.478234573443826,0.140693357246012,0.0852347799763988,0.0823246100593352
781,1.30527222189806,1.12901084613347,0.477769975405484,0.140959570855388,0.0855629678675434,0.0834957634161891
780,1.30100128907388,1.11854617353901,0.479496836846482,0.141794210154447,0.0863965732192439,0.0839359027610169
779,1.30248150864572,1.1235871610953,0.478940026588201,0.142455524782073,0.0868557564958876,0.0839881011905164
778,1.29845824383149,1.12543942676931,0.478698460951987,0.144235551895425,0.0875732635443287,0.084888458658707
777,1.30578136924725,1.12901864160165,0.480242161769686,0.144364964016963,0.0874243802876703,0.0854370832977755
776,1.3034784751881,1.12396098605984,0.479510892168011,0.144896549913899,0.0885809753007325,0.0854212006065189
775,1.30545752912789,1.12143819766003,0.478681236455404,0.145415689575441,0.0889197397037455,0.0862713624818057
774,1.30435586913599,1.12331633046812,0.480178223280677,0.145838561376628,0.089307763398063,0.0864835630365376
773,1.29932741323985,1.12335686477196,0.480675040169078,0.146180830730921,0.0903055855095183,0.0872308007363016
772,1.3054773391286,1.12277002393067,0.480167509127558,0.147323753342408,0.0905295875377139,0.0878508381347475
771,1.29862634588534,1.12240957519913,0.480419713756804,0.148422910022739,0.0911899928825114,0.0882145004938945
770,1.29551347523182,1.1204949939425,0.479837376894639,0.14909557132461,0.0916774526706312,0.0895141047095432
769,1.30118873154144,1.12292820086711,0.479685294074697,0.149229250495478,0.0925460489003916,0.0900246545372027
768,1.30261476868034,1.1209122851547,0.479815340533438,0.150974572525063,0.0932986013654552,0.0905033465173943
767,1.30108519452768,1.12140952466284,0.480177245701003,0.151269828185684,0.0940604643717001,0.090593044431178
766,1.30276583966998,1.12377635685948,0.479250005850027,0.1516666901605,0.0945450761344555,0.0913406520668686
765,1.30279722329388,1.1185505949018,0.479886845564886,0.15254781792062,0.0949265006279972,0.0920557898787403
764,1.30389092532566,1.12251222970773,0.479748730318041,0.153358802217929,0.0959403982787542,0.0932553468669151
763,1.30171281510271,1.12251986649123,0.479600075974065,0.154016055267356,0.0966920043384499,0.0942502306169149
762,1.29926034600637,1.12246426691311,0.479654360548552,0.154640376016318,0.097657265074574,0.0945925467919446
761,1.30141793421166,1.12028229428463,0.480261169153934,0.155900537862061,0.0977205402169377,0.0954605810352273
760,1.30177339057886,1.12231650788021,0.47961886001232,0.156655319505726,0.0987796917911752,0.0956036963073845
759,1.30471847108014,1.12189945105642,0.479726268765887,0.15699771467204,0.0992694711179206,0.0966697864875591
758,1.30016193007169,1.12056345398655,0.478975003734842,0.157378164816953,0.099964980791696,0.0971791745688203
757,1.30323696241249,1.12165227786716,0.479316539611261,0.158418127710958,0.100753231144837,0.0978632997171416
756,1.30323692989018,1.11521787191369,0.47849060456592,0.159711600058682,0.101675388156028,0.0987855413018386
755,1.30066033314676,1.11999901309144,0.478760428025744,0.160088335922809,0.101825409880134,0.0996556555006149
754,1.30525568862248,1.11823071497385,0.478133254069187,0.15993365175001,0.102739879019168,0.0998811780054116
753,1.29844647108274,1.11829350793641,0.478955155710599,0.161812519582199,0.103592756261532,0.100693266285393
752,1.30658483363909,1.11688988783376,0.478662298091549,0.161794221871901,0.104320638875623,0.101168871176133
751,1.30172474154825,1.11908497586131,0.478183463175162,0.162681401747786,0.104920686528425,0.102241782982556
750,1.30255797230608,1.12090283858216,0.47854638680376,0.163276804044076,0.10526710073473,0.1028044566784
749,1.3034321075912,1.11898410695433,0.477173664024698,0.164604627338463,0.106572673478635,0.10362975731273
748,1.30599137467193,1.11816980003159,0.47779883051506,0.164948581394701,0.107310476818631,0.104478557637258
747,1.30461800432902,1.11854940453047,0.477053801124854,0.165350912822549,0.107815385860068,0.104701657709325
746,1.30241872435121,1.11851577788826,0.476837378445152,0.16668483651313,0.108939194143078,0.105632609001975
745,1.30692657131515,1.11652366324241,0.476962266321393,0.167173638850574,0.109441705053813,0.105905686897995
744,1.30326561551344,1.11882072350319,0.476849213698395,0.168160674785422,0.109929960543859,0.107136352052047
743,1.30214636380731,1.11804786838079,0.475805227783731,0.169070673772645,0.110278626582588,0.10783555992747
742,1.30394740766713,1.11776060859292,0.476000958357418,0.168902674921422,0.111457315705002,0.108431216584017
741,1.30605507042708,1.12106277410723,0.475978805980582,0.170675472870735,0.112680884699793,0.109606828064388
740,1.30417416014845,1.1170734337706,0.475116787009949,0.170557799569158,0.112826903034278,0.109972207178023
739,1.30414939050242,1.11838660947621,0.475570312714973,0.171185528912229,0.114060232825883,0.110591306430989
738,1.30231375785798,1.11607027926796,0.474856903860249,0.172098547649319,0.114325392687588,0.111461632024654
737,1.30434869582935,1.11811751514882,0.474445296201707,0.172740107086262,0.114893126368096,0.112549171367611
736,1.30349230507896,1.11940569883295,0.474919445525798,0.173080271836644,0.115867298075411,0.112816732849072
735,1.30491147551193,1.11674710352347,0.473948535565139,0.174112687719904,0.116024603397487,0.112634649642525
734,1.30502546446115,1.12072916085604,0.47345665477085,0.174075930789041,0.116822520987794,0.113620004237375
733,1.3073889663629,1.11919123275427,0.473095611149907,0.174833845238293,0.117305279307978,0.114282316345802
732,1.30665713907133,1.1204385855095,0.472990906541143,0.175034870112045,0.117873732394412,0.114501143975996
731,1.30618180235418,1.11977052587751,0.472301878599415,0.175836952115933,0.118125261918622,0.115158660414971
730,1.30333450777626,1.11928405852562,0.47233613315046,0.176484528433727,0.118646277416946,0.115722585584793
729,1.30630378934106,1.11962116585527,0.472289974623483,0.177257134594984,0.119454449700831,0.115893325755038
728,1.30607422025801,1.1180717338812,0.472660802266814,0.177999058566241,0.119916772845729,0.116545134589388
727,1.30452627000069,1.11994309553638,0.47165669293572,0.178700491878748,0.120719111554407,0.117546944684054
726,1.30621847671849,1.11851943375608,0.471711527521493,0.179808674773808,0.121077372599978,0.117930003933228
725,1.30598365064199,1.11697574192413,0.470955803852368,0.179664070844613,0.12190218441069,0.118791729362861
724,1.30801044683497,1.12032882143818,0.470629193133583,0.180384513691837,0.122395635275493,0.119444191286607
723,1.30713696729521,1.11920098278576,0.470616914147539,0.181158241948532,0.123564401211263,0.120079101617062
722,1.30738509188249,1.12109257881602,0.47036127643646,0.181871568471551,0.124128778350031,0.120396836884899
721,1.31114093061541,1.12219906566183,0.468991429791966,0.182201952000893,0.124892558495938,0.121269909940292
720,1.30873224166262,1.12230098430518,0.469484533279166,0.182744108025099,0.125679776192521,0.122321353750696
719,1.30677194785521,1.11987025569861,0.469671977057418,0.183866939764972,0.126503615435333,0.12248750117969
718,1.30816761713885,1.12141038054579,0.468839325899574,0.184570795405188,0.127470050200241,0.123496730718209
717,1.3077641994954,1.12172498897257,0.469368108541349,0.185471593883996,0.127887055227227,0.124363413914613
716,1.30837186893297,1.12215563852215,0.469609575855786,0.186376928532689,0.12906102700914,0.125223644722103
715,1.30778211025851,1.12209678517368,0.46874645898588,0.186387345656928,0.12984153206144,0.125840711389394
714,1.30795964750742,1.12241232034451,0.468873651306871,0.187420238473122,0.130083117116785,0.126274572081328
713,1.30605372833384,1.12127885112558,0.468359130949996,0.188270024273348,0.130958648217995,0.127491088837659
712,1.3080998615082,1.12218071684402,0.468164569412329,0.189048981149709,0.131905737161066,0.128351873060669
711,1.30788745363818,1.12480659158897,0.468545328127884,0.189708963463331,0.132767382516494,0.128689820535202
710,1.3090069855336,1.120941951293,0.468240002071718,0.190503312036737,0.133702016454327,0.12977964729727
709,1.30845974517986,1.12394066870085,0.467870685815628,0.191335590655763,0.134578564304948,0.13038526132714
708,1.30674332477862,1.1226360222182,0.468240230329602,0.191898941130125,0.135316207310247,0.131399406171753
707,1.30730875853387,1.12237221721102,0.467529294491465,0.193343994890952,0.136411116453857,0.132647984950833
706,1.30641198526317,1.12317614447564,0.467911625197238,0.194145754789372,0.137356403734594,0.133291461389922
705,1.30647679124696,1.1229539680395,0.468058156705178,0.194686177808879,0.138427635347057,0.13435633390489
704,1.30640844709555,1.12446616933932,0.467876311425792,0.195522580193879,0.13975864275062,0.135211267965148
703,1.30892140389916,1.12314211472714,0.46737022220045,0.196919956489132,0.140317549340368,0.136234633067311
702,1.30662845800564,1.12346369916877,0.467952986634427,0.197593772832634,0.141654657388522,0.137130688866126
701,1.307216815183,1.12341352457141,0.467689792879232,0.198628300123128,0.142472702142381,0.138090814967238
700,1.30680795069202,1.12429782448979,0.467696290039376,0.199503684860539,0.143231699352503,0.139245147384565
699,1.30756759116771,1.1247325434257,0.468408298735463,0.200785450488828,0.144919317285624,0.140457030744463
698,1.30715127516711,1.12483441143003,0.468648052395664,0.202074802784352,0.146076096000204,0.141630446499328
697,1.30675096397189,1.1243173400136,0.468331086494246,0.202917433858691,0.147185101001363,0.142863976483835
696,1.30791424549977,1.12488880544583,0.468445863325479,0.203734018400697,0.147977534254336,0.143776641091022
695,1.30563614599502,1.12513061990296,0.468818411970394,0.204744013393605,0.149142571486038,0.144571468106229
694,1.30525196382118,1.12472171973729,0.468583970618593,0.205720984757748,0.150628908584435,0.14572840564294
693,1.30615154833491,1.12471287987317,0.469032093839165,0.206952634818277,0.151671351783601,0.147462449963572
692,1.30584303840126,1.12473284528542,0.46911869388859,0.20847819476926,0.152837410169664,0.14853582859016
691,1.30608629981644,1.1267180071418,0.46936398923374,0.209617649519855,0.154459690515166,0.150013943916612
690,1.30613969614435,1.12571184436006,0.469719652273765,0.210197341115077,0.155463760268489,0.150931807526551
689,1.30388388997755,1.12623858509429,0.470057651262773,0.211867703086275,0.156902524160794,0.152270695170762
688,1.30488839402509,1.1264596345202,0.469845411699343,0.212787705067146,0.15839404513051,0.15357707558744
687,1.30459617815358,1.12574261819734,0.470070449297286,0.214448313563285,0.159820423740466,0.154985254226898
686,1.30348081810333,1.12710433694767,0.471184022216213,0.215378990004963,0.161092127332421,0.156176463829921
685,1.30340233732286,1.12619232914582,0.471131054147566,0.216763382526183,0.16249602324963,0.157647141949289
684,1.30302054784221,1.12619669923517,0.471675213213809,0.218386472809786,0.163800319893174,0.159402554894982
683,1.30380286140581,1.12696500363289,0.472347769560049,0.219556764141728,0.165670476345641,0.160674532666933
682,1.30243365671132,1.12666450974567,0.472857004517563,0.221337181892126,0.166927477098403,0.161973211848253
681,1.303045708299,1.12672779766204,0.473352825428023,0.222727327340665,0.168882815778364,0.163831234526107
680,1.30213329038453,1.1269408177727,0.474279504735924,0.224011618350409,0.170174135428401,0.165032757701462
679,1.30271984044379,1.12653410767401,0.474578646638056,0.225870910495767,0.171916874782697,0.166995002723975
678,1.30256972714962,1.12693661355808,0.475207740341122,0.226996605265206,0.173716487554376,0.168667707801645
677,1.30154769342078,1.12713056990521,0.476133470204144,0.228458672003903,0.175368231947499,0.170356804965861
676,1.30097181437606,1.12685756456345,0.476571267430094,0.230466198017168,0.177107734175114,0.172206248643154
675,1.30105111912783,1.12706826379873,0.477185003595186,0.231978474839467,0.179085197782432,0.173626595991272
674,1.30177779875496,1.12716660486481,0.477864442192059,0.233309682971974,0.180737864228369,0.175710578638037
673,1.29989956535277,1.12701268579698,0.478828173219932,0.235376840618116,0.182483801276188,0.177182038694539
672,1.30101018687848,1.12793167617643,0.47953837944473,0.236957265857886,0.184403065768121,0.179110299138935
671,1.29939088043349,1.12723352247422,0.480354927621687,0.239165712244236,0.186323296225869,0.181178238285092
670,1.30009938332722,1.12774157377786,0.481071829654186,0.241064115670099,0.18838229109236,0.183059254799632
669,1.2992464568744,1.12793063357858,0.482244575424647,0.242643732064163,0.190424124794523,0.185068268752566
668,1.29913310464992,1.1281982289131,0.483297755214602,0.244921395949038,0.1926574929802,0.18717037859794
667,1.29967738793087,1.12831186991653,0.484366524131961,0.24697347935669,0.194575227488501,0.189201066473441
666,1.2995050093353,1.12819270847407,0.485069599062504,0.248720428967948,0.197184213473159,0.191254361720544
665,1.29917669567975,1.12886079975343,0.485656187351895,0.250766558997475,0.19903996107954,0.193764991081075
664,1.29879976025033,1.12854145980135,0.487534610846172,0.253142929413134,0.2013488551081,0.195933094743831
663,1.29898850912807,1.12921649299897,0.488423372583995,0.254949190660559,0.203722431943226,0.198096104952039
662,1.29906564866524,1.12911354849396,0.489917946866833,0.257422085472976,0.20622906567892,0.200558428129853
661,1.29896831661436,1.12930137631063,0.491013897245833,0.259742599147501,0.208554592697536,0.202923298927696
660,1.29915491572695,1.13030947842877,0.492102652602788,0.262184309873813,0.211252558274397,0.20549460917428
659,1.29936264299483,1.13082853369003,0.49362379850574,0.264426915850984,0.213675872290189,0.208229429824057
658,1.29920675767509,1.13097729293708,0.495169395583728,0.267116200079512,0.216474159390515,0.210521795591881
657,1.29971635594184,1.13150538187171,0.49656219951525,0.269555826959237,0.21913926158933,0.213316901543807
656,1.30001457051149,1.13192576417842,0.497889910611541,0.272063427230712,0.221832985347762,0.216188620664852
655,1.29966571111176,1.13200951236911,0.499342071725927,0.274882162478174,0.224686109139146,0.218917183237657
654,1.29972825994701,1.13267696167007,0.50127896060776,0.277388240342685,0.227634738471564,0.22165540721886
653,1.30030714299547,1.13326543416669,0.502953660140054,0.280143613802847,0.23044120225112,0.2245019348093
652,1.30082812556379,1.133610230069,0.504619577861848,0.283112819728594,0.23357439377486,0.227411813939909
651,1.30132159542624,1.13497078778613,0.505992565427476,0.286189513663473,0.236839753437415,0.230502330003424
650,1.30186866252669,1.13509840429673,0.507982547105116,0.289098479070403,0.239978773326588,0.233612824371038
649,1.30204483614906,1.13630887065168,0.509857153102786,0.292225431734336,0.24312506014167,0.237238468894975
648,1.3027392335913,1.13632503596945,0.511841660685971,0.29554587916411,0.246654886549187,0.240731351790223
647,1.30272922830824,1.13757472943757,0.513996380933675,0.298676876085259,0.250161137990307,0.243607648024225
646,1.3032830814978,1.13851667979581,0.515922657036675,0.301830220584604,0.253822874472683,0.247209192834546
645,1.3038946059004,1.13929462522806,0.518021695687328,0.30561867668598,0.257484836765329,0.250994282554261
644,1.30535757759335,1.14003438791068,0.520216207866778,0.308801749703302,0.26131451048662,0.254302347981318
643,1.30573531120991,1.14114866156434,0.522395490245408,0.31219178826222,0.264709200433638,0.258277360004952
642,1.30638197727448,1.14195022869934,0.524801386672447,0.31594999826817,0.268985496339324,0.262100427540803
641,1.30786437780129,1.14294089401404,0.527041055622886,0.320200368243014,0.272957083728167,0.26639276533766
640,1.30755478054545,1.14428512344082,0.529713576650627,0.323465392021572,0.27704380145529,0.270516764314404
639,1.30815330863738,1.14520224722514,0.532015401029675,0.327711317386211,0.280857374962093,0.274802956066379
638,1.30853048695668,1.14669010533848,0.534393857219228,0.331734011671664,0.285282168541801,0.278733814169401
637,1.31021000914944,1.14728099203305,0.536879994897806,0.335816413842256,0.289860221548346,0.282955662222374
636,1.31088485897185,1.14910583393045,0.539136546994278,0.340032581133195,0.294147994038674,0.287352127250401
635,1.31269446594941,1.1506406081581,0.542295687727222,0.344690627281593,0.299376600312097,0.292130317928122
634,1.31177921710191,1.15125734155932,0.545119496929925,0.349101529619092,0.304181473982503,0.296679050347853
633,1.31352082470938,1.15324919090473,0.548220116327742,0.353312654324386,0.309002925215152,0.301526617058897
632,1.31466844795297,1.15482597097807,0.55138168251005,0.358651738829382,0.31404806270324,0.306989394007982
631,1.31641851923202,1.15603020160343,0.553957697255497,0.362602028879438,0.319122001864272,0.311782533947913
630,1.31779513820462,1.15690496682584,0.55720675306757,0.367695586475375,0.324660925208322,0.317209513333919
629,1.3188185231455,1.15874826076109,0.560908244279766,0.373130508580237,0.3302666976169,0.32244927219665
628,1.31979685290224,1.16069618425361,0.56388106432759,0.378482336500129,0.335562122854415,0.327811276400434
627,1.32141953065873,1.16165481637879,0.567353499654394,0.383789738074806,0.341191068575803,0.333389878743432
626,1.32357044483805,1.16379764941001,0.570683968824306,0.389316021710895,0.347051557349496,0.339502022392346
625,1.32410615667882,1.16544007365415,0.574559056972861,0.39517369361024,0.353411966697848,0.345538714919625
624,1.32576412517313,1.16682159022842,0.578647801217645,0.401415863991954,0.359557416940396,0.352162596079933
623,1.32592723806716,1.16763926710304,0.582002341805095,0.406806536167838,0.366114161037099,0.358365438428339
622,1.32802812834287,1.17060844617615,0.585973483007547,0.413345093683354,0.372719018847598,0.365021431846895
621,1.32825981969778,1.17257397613096,0.590033237493761,0.419374636863669,0.37985622101995,0.371418752384431
620,1.3313709930123,1.17390219880482,0.594196628993229,0.426249875839499,0.386220710528503,0.378262194125812
619,1.33239063579559,1.17681186830307,0.598496074749603,0.432985363640121,0.393954947169607,0.385749377073582
618,1.33453397399849,1.17937994673888,0.603267566465476,0.440073366070487,0.401112529617205,0.393047677827355
617,1.33599092901588,1.1803726317994,0.607871584490061,0.447402168390654,0.409003016369714,0.400308771528966
616,1.33708684427212,1.18293785282572,0.612296785828217,0.454679115957216,0.416581739294463,0.40800351891512
615,1.33905546835753,1.18488566625071,0.61725385464879,0.462180531268561,0.424892520263962,0.416361672842218
614,1.33996183365233,1.18695834357405,0.622700974521399,0.470191953902831,0.433339713538543,0.424568249425613
613,1.34217938528764,1.18968720830087,0.627920460725866,0.478308855600449,0.44152308427333,0.433152712143959
612,1.34394816365995,1.19223314561888,0.632891213401482,0.486402686691393,0.451038454703807,0.441395321282091
611,1.34512836749468,1.19388356211015,0.63870154076414,0.494737118527467,0.45985187316299,0.451088698764195
610,1.3472851600816,1.19628865258365,0.644006904274929,0.503259453320892,0.468861307562782,0.459809671671816
609,1.34950379797392,1.19859323225941,0.649740296619586,0.51198237638694,0.478078342073056,0.468666254410737
608,1.35107892391671,1.20121295461902,0.655905310262184,0.521757803436585,0.488258931610905,0.478776759185839
607,1.35222302506929,1.20285945860863,0.662481500182054,0.531858397646078,0.498760591825178,0.488964590574126
606,1.35499085641866,1.20491302399845,0.668894627226243,0.542074856189743,0.509544295774849,0.500051044768048
605,1.35605301614419,1.20803360886452,0.675397777641252,0.551556414246882,0.519786338390661,0.50989031453927
604,1.35793266740739,1.21068448169647,0.681750049633349,0.56141656491158,0.530228769118464,0.520534362296286
603,1.35963925117783,1.21249469853432,0.688415539449227,0.572429450649789,0.541350500193931,0.531769832956481
602,1.36091474602169,1.21531795132567,0.695996326177681,0.583424001715071,0.553739101990074,0.543620460760214
601,1.36322353231365,1.21695529361568,0.703759785159559,0.595018112917116,0.565632687088512,0.555661064800444
600,1.36444737542644,1.21933263852582,0.711931006845802,0.607226454294376,0.578413823422941,0.567994959938871
599,1.36561396169358,1.22190012983119,0.719834985982903,0.619811445775049,0.59138740590997,0.581032369126581
598,1.36699674791965,1.22414855038143,0.728177758814396,0.632043099282282,0.605062010291506,0.594152245334468
597,1.36892749934524,1.22666772526803,0.73625273275783,0.644416999424331,0.616932576942824,0.606676273002909
596,1.36995721193807,1.22904456385433,0.745026095816569,0.6570944931372,0.630475948317073,0.619954901401388
595,1.37159964525171,1.23083664941455,0.754525098808264,0.670985319045283,0.64522705963991,0.634448516784835
594,1.37303701783114,1.23384322436966,0.763620243306074,0.685310516178787,0.66017120763955,0.648991656074399
593,1.37409732095178,1.23600083920103,0.773291594060801,0.699675866740263,0.675318406563109,0.663937280889581
592,1.37500592062021,1.23875790148232,0.783811718651444,0.715250189908955,0.692067957568455,0.680044419410739
591,1.37715548785008,1.24060076926906,0.794371959465965,0.731036425843375,0.70820055223085,0.69639069346151
590,1.37720121851065,1.24364767997862,0.804917581228253,0.74671502762912,0.724184226116894,0.711680379790241
589,1.37770785532742,1.24507510740598,0.816265041956579,0.762861469584176,0.741148573310346,0.728913985158063
588,1.37866351103318,1.24787966340448,0.827562365241172,0.780021884581454,0.758728751940303,0.746568234204386
587,1.37820488014857,1.2500706369961,0.839779693609803,0.797386855551487,0.777086456109083,0.76448651333281
586,1.37985096790757,1.25309037000334,0.852561476847974,0.815575343912756,0.796184010419501,0.783213951273031
585,1.38031122482942,1.25507603298713,0.865251158461302,0.834394243656643,0.815419452769667,0.802108596295485
584,1.38130595295469,1.25630367274819,0.878362373154356,0.853671577355234,0.835129872381693,0.821800690297432
583,1.38081714992515,1.25831059698982,0.892165757397378,0.873460800325974,0.856161870881922,0.842363344389026
582,1.3806993499199,1.2609003827708,0.906400757530768,0.893320540937644,0.876576365273284,0.862695990905293
581,1.38278371786527,1.26374643886272,0.921000461843018,0.915039542721134,0.898331646273461,0.884051849970738
580,1.38143131582792,1.26576432701318,0.936418259638826,0.936642202473234,0.920093430061782,0.906533754429418
579,1.38017003320516,1.26780934942377,0.95285852016036,0.959005673095189,0.944376946016978,0.929165302734751
578,1.38076905411616,1.26943208624553,0.968681928120075,0.981674929613672,0.967297774479422,0.952312449646108
577,1.3813547700945,1.27185816254668,0.985102196817916,1.00513049113909,0.991410749208617,0.976581745522438
576,1.38111914377427,1.27414832009614,1.00242218767552,1.02948474502107,1.01589349559993,1.00119037178355
575,1.38032621651475,1.27651822938049,1.01984858943526,1.05384777305412,1.0409275402234,1.02564184362675
574,1.37914640870318,1.27845620184113,1.0389811419747,1.07942782811242,1.06779513937649,1.05138569383798
573,1.37859785767292,1.28051272417817,1.05749906948448,1.10558963526477,1.09475869471983,1.07817881778002
572,1.37865457354552,1.28163723993247,1.07727503813929,1.13138862523514,1.12108488156475,1.10414419629933
571,1.37658684043168,1.2845147690409,1.09694092519009,1.15802195076901,1.14835306569377,1.13111056780354
570,1.37645505352109,1.28620164050813,1.11776718623176,1.18766280497596,1.17722856820368,1.1612721603062
569,1.37435471846186,1.28893007795647,1.13971886951817,1.21693703023523,1.20741604203423,1.19030417740435
568,1.37337278588385,1.29087754796105,1.16290848058606,1.24841881794201,1.23825387040353,1.22166295938868
567,1.3705220616061,1.29223351102677,1.1852898132602,1.27663203906926,1.26847541653807,1.25177293015697
566,1.37048131927771,1.29609981638506,1.20713472178071,1.30565576792131,1.2971760230246,1.27984138811975
565,1.36806107818719,1.29744406383571,1.23121257482506,1.33624073408332,1.32976615464121,1.3106512020401
564,1.36642532741641,1.30038341860731,1.2578205403798,1.3713993469371,1.36310619026298,1.34428762155944
563,1.36501477290084,1.30115629872461,1.28153485707477,1.40487321134328,1.39719659521798,1.37753242751057
562,1.3622906379041,1.30456234811819,1.30706116969069,1.437253310873,1.43104586817796,1.41224464595776
561,1.3601775936673,1.30654481844548,1.33381245476204,1.46869096924647,1.46396578642973,1.44472536362878
560,1.35793513886484,1.30869772564366,1.36003619933025,1.50611789704346,1.50111606362951,1.47906132784516
559,1.35340551990263,1.31047947271978,1.38874930272212,1.54287321735109,1.53457766289767,1.51498077190285
558,1.35248737330827,1.31434485512488,1.41674462379849,1.57818984564534,1.5723423614742,1.55083575341257
557,1.34954920412181,1.3156504473726,1.44523388607578,1.61491709270518,1.60764671956245,1.58652039006885
556,1.34671722300968,1.31935754852703,1.47466488306408,1.64920454063611,1.64699388582616,1.62281777219759
555,1.34511619034544,1.32061440696538,1.50501047535844,1.68736256282218,1.68243709261366,1.6578391649522
554,1.34050898603855,1.32262306726995,1.53463592155906,1.72476197911327,1.71998350005989,1.69681353446698
553,1.33757533087607,1.32619021142087,1.56363098681159,1.76019942437781,1.75751575366039,1.73372724648723
552,1.33516490550757,1.32782381763665,1.59483933385567,1.79934297060731,1.79161966538458,1.77005879279142
551,1.33106023697482,1.33136679446842,1.62601797322211,1.83757492985303,1.83187524503124,1.80569115969082
550,1.32751503824392,1.33293755463632,1.65582605330871,1.87795782346749,1.87165818867174,1.84218231615636
549,1.32418522748341,1.3343788824413,1.69137858934045,1.91941226719832,1.9081484844878,1.88361966064792
548,1.32101324164738,1.33796511399647,1.72029287289016,1.95281595113262,1.94602562166088,1.92295917024633
547,1.31598194737931,1.34002965020023,1.7499573274646,1.99128356333449,1.9821612704255,1.95470027862956
546,1.31309527216047,1.34249969840669,1.78120877616606,2.02236727452674,2.01465553313893,1.99190525568602
545,1.30846553839614,1.34444246672769,1.81485764696621,2.06473231503294,2.05675050132445,2.0291261467627
544,1.30471445718513,1.34651761970575,1.8442175539625,2.0976710591288,2.0916676460012,2.0615379215414
543,1.30023020252066,1.34937277991347,1.874047938585,2.13451206451486,2.12781707598942,2.10009678214391
542,1.29678582300686,1.35109232242416,1.90166690378188,2.16593574521133,2.16207563909549,2.133184087161
541,1.2932044367346,1.35324507445059,1.92742911028282,2.19632528284595,2.18385818880789,2.15989153380398
540,1.28826163761816,1.35461694040951,1.95947591671744,2.22589894194173,2.22194768330321,2.18750611492445
539,1.28390325639479,1.3555997719443,1.9871519288954,2.26083154636248,2.25154670944018,2.2265227315333
538,1.27763372415408,1.35631610512615,2.01208257671938,2.29710279372902,2.28613763285386,2.25705585183461
537,1.27503235921924,1.35764537334556,2.03583968444024,2.32106827653284,2.30600643037936,2.28345624860249
536,1.26983046818386,1.35918447036671,2.06127631938723,2.34837303505132,2.3342563912251,2.31366329572138
535,1.26392007355313,1.35815843959159,2.08811475311972,2.37880096257786,2.36435783535789,2.33581506244027
534,1.25921551763553,1.35973347221933,2.10791606540485,2.40573100686306,2.3910697665616,2.35661618285373
533,1.25574642503805,1.35988795895657,2.11849738211344,2.42113596420205,2.4073391882954,2.38000746341263
532,1.25005259545675,1.35872137006185,2.13842812378212,2.43496929532236,2.43426209544922,2.39825634684275
531,1.24427756312855,1.35783691848103,2.15884066846339,2.45593982944684,2.44790669743614,2.41724718167231
530,1.23829131148898,1.35667559801567,2.17597298801582,2.47346434454808,2.46245157767571,2.4289382302839
529,1.23468141544893,1.35568834992156,2.18214767492255,2.48565833563456,2.47800462094009,2.4397598246987
528,1.23024389952036,1.3549213591285,2.19653153271934,2.49169092996871,2.48666325896494,2.45290817244107
527,1.22459540698013,1.35177470391118,2.2023586795813,2.50353043051937,2.49543244651589,2.46372185083412
526,1.21853257082543,1.3501466193029,2.21460841346899,2.50768447064226,2.50051569980068,2.47127107881441
525,1.21300627928152,1.34612123682607,2.21684481855866,2.51434707832178,2.51250494961714,2.47393930863711
524,1.20751754353305,1.3439052679208,2.2177357305234,2.52276392140714,2.50024532957539,2.48125790426777
523,1.20202079375382,1.33961173463504,2.21844078895905,2.5154604054424,2.50987832227393,2.4737080670732
522,1.19571172211724,1.33567110349636,2.21635020488876,2.50754587573842,2.50635147931723,2.45350467688069
521,1.1894638101887,1.32997864474826,2.21874495220518,2.5171536782689,2.50628331330341,2.47380059709074
520,1.1834726250672,1.32446780909559,2.21576570694063,2.50671679261734,2.496266842549,2.46548387550392
519,1.17837527799321,1.3196995253325,2.20751355189264,2.4976955733707,2.48635241202132,2.45366346550985
518,1.17254812320135,1.31498382824964,2.19982752420617,2.49042198439283,2.48097896547043,2.44447751033282
517,1.16655052840643,1.30886436982617,2.19021959363556,2.46353846714197,2.46154302220847,2.43402365113902
516,1.16060713952669,1.30211904956041,2.1753473105981,2.46248231405299,2.44695696980337,2.42272408735261
515,1.1546328274742,1.2965836480568,2.16385550962299,2.44245246346203,2.4253791041302,2.39805021962659
514,1.1485157404929,1.28865120024602,2.15042407293327,2.42966043841137,2.41579077619622,2.38091123792845
513,1.14262829061376,1.28206175657254,2.13443747856773,2.40922430672391,2.39948760869324,2.36950005494709
512,1.13687882882403,1.27505936296532,2.11664820992927,2.38995938686338,2.38305614657954,2.34864767777451
511,1.130989542367,1.26836798598013,2.10743632376053,2.36424652103093,2.35302763153755,2.32589842076914
510,1.12521375853985,1.25953601640584,2.08257367389064,2.34042721466515,2.33432713060048,2.30550839622897
509,1.11984049211468,1.25266434563045,2.0621499356908,2.31519800621657,2.3137507915888,2.28651307367156
508,1.114052633963,1.24428684796784,2.04144569153086,2.29981409780549,2.29100113622114,2.25616778098631
507,1.10862436023756,1.236594028144,2.02276349120961,2.26614160514952,2.26427766004985,2.2361449501021
506,1.10242519627034,1.22831522356825,2.00079932696686,2.24316264743216,2.23799335639119,2.20615988191029
505,1.09778536465726,1.21980121381582,1.97933637127488,2.21790216811624,2.20946698497542,2.18677869435686
504,1.09237758301346,1.21193190108922,1.95697845650371,2.19490422655214,2.1881055018304,2.16244896781885
503,1.08763762021375,1.20453404484096,1.93424408043525,2.16565949609369,2.15965394577752,2.13311211939082
502,1.08242904119038,1.19653858534846,1.91388146694248,2.14381972224063,2.13700786678067,2.1075881211427
501,1.07728145556372,1.18812972156855,1.89210024425034,2.11739084562333,2.1090490437758,2.07645029963577
500,1.07325826202315,1.18063951351977,1.87046741645418,2.08741232850236,2.08029670585109,2.05510542759814
499,1.06857289541941,1.17344549860589,1.84777714170851,2.06209925542757,2.05435182076169,2.03122979843871
498,1.06430734349032,1.16614475071513,1.82884273735854,2.03759103645657,2.03040470916051,2.00377962202954
497,1.06048976055252,1.15979982555113,1.80482318578443,2.01163926807018,2.00573603397773,1.98089365922989
496,1.05664914543466,1.15265252493442,1.78597448878397,1.98765343230886,1.982312536066,1.95918399362139
495,1.05287249275884,1.14604988002976,1.76583598495276,1.96109074268418,1.95679742131977,1.93309602648475
494,1.04881361333411,1.13920455621835,1.74619362133596,1.9358393673708,1.93118477660816,1.90944216095573
493,1.04504518695615,1.13256085563713,1.72411708821452,1.91410948175531,1.9072449468565,1.88385194973196
492,1.04341290017344,1.12813524791312,1.70820365091851,1.89388820114037,1.88906260281907,1.86522487671586
491,1.04180478785401,1.12364251749217,1.69148376989481,1.87625856048157,1.8691506047265,1.84651826116244
490,1.03852611562918,1.11723696639426,1.67246172354691,1.84993289806225,1.8439394400195,1.82385245231838
489,1.03570094358112,1.11197903107724,1.65458243572324,1.829600022068,1.82275740876548,1.80279078124427
488,1.03412514402486,1.10812327507533,1.64076927007742,1.81194175031873,1.80680331516526,1.78651858042799
487,1.03265448495626,1.10397326831061,1.6258942477473,1.79458757278469,1.79081236730152,1.76806928248619
486,1.03017000024934,1.09925993883902,1.60911620865198,1.77388634653944,1.76858578254743,1.74783879101919
485,1.02802271809712,1.09489732738752,1.59382397001878,1.75571870803733,1.75098988933909,1.73122137134746
484,1.027492697267,1.09274798979931,1.584480581021,1.74422720498283,1.73850980836597,1.71907466331868
483,1.0270036763979,1.08987237371848,1.57322248777947,1.72974967817723,1.72462130472791,1.70495205643939
482,1.0262564980283,1.08661291126625,1.55987603682635,1.71364599528126,1.70802074226922,1.68835765612209
481,1.02504197458739,1.08352681624832,1.54816671184543,1.69870092379533,1.69131078801998,1.67285234954699
480,1.02403273339953,1.08058409554046,1.53624954452911,1.68516885122625,1.67864925977159,1.65903039347157
479,1.02362333089608,1.07790327415256,1.52596910276683,1.67079725537446,1.66474504387,1.64605859222741
478,1.02314895204067,1.07574075106432,1.51554269366817,1.65968817835007,1.65277280603097,1.63364839871472
477,1.022978511207,1.07402614939725,1.50658136947272,1.64696299026936,1.64141436866595,1.62273618427447
476,1.02250166650021,1.07166506395766,1.49777992048066,1.63729199489598,1.63094673264313,1.61098590157766
475,1.02246346656666,1.07047091605375,1.48925548668589,1.62617200410519,1.61968983958546,1.600127277111
474,1.02206381259199,1.06827607530195,1.48097771063537,1.61654001182855,1.60988408631522,1.5906770114673
473,1.02233549912333,1.06714399271708,1.47390498040438,1.6065972430166,1.60069725506519,1.58092744293898
472,1.02258489333289,1.06609407955951,1.46741365845647,1.5982279562084,1.59105803932064,1.57283539603512
471,1.02303245131098,1.06486196710011,1.46029076354258,1.5893852120995,1.58389098229593,1.56441602116695
470,1.02349037606832,1.06413027746668,1.45397522902318,1.58241424622384,1.57448688693183,1.5560963647224
469,1.02334018471464,1.06320908671272,1.44859273386455,1.57434697851627,1.56681490849585,1.54843891917223
468,1.02393059446718,1.06276049544022,1.44298785177859,1.56774003930415,1.55971636448483,1.54136799561513
467,1.02425107735499,1.06195754075224,1.4380937418153,1.56108176997019,1.55344054722556,1.53465074372093
466,1.024804423963,1.06159457695074,1.4333263473568,1.55551654427588,1.54730067815127,1.52840796567847
465,1.02534846012579,1.06097108473893,1.42871772873329,1.55050554229159,1.54121771215959,1.52259130016898
464,1.02558871107648,1.06069682756628,1.42449274889984,1.54381833839763,1.53587199764087,1.51737488218007
463,1.02645897410395,1.06044271363319,1.42058050621151,1.53970598626669,1.53034651967504,1.51255057201475
462,1.02680576470494,1.0596540887632,1.4161064753255,1.53390112749468,1.5251815550127,1.50620183310483
461,1.02700973669342,1.05957190897017,1.41332936197347,1.52909502875679,1.52017932762511,1.501905209216
460,1.02851088433881,1.06005634073665,1.410580554267,1.5257042387917,1.51685640402331,1.49858612209953
459,1.02933755557138,1.05973747223239,1.40848535076734,1.52216418934479,1.51361445581027,1.49469223654044
458,1.02935742721602,1.06003991802654,1.40515099740369,1.51830250137714,1.5096505844387,1.49030159122494
457,1.03019351746387,1.05993233119703,1.40288076875363,1.51442676919461,1.50628051681109,1.48736780257207
456,1.03096435875188,1.05991591317554,1.40028517657517,1.51125778347019,1.50261425436787,1.48349450875935
455,1.03168334857688,1.05993912888536,1.3978004183735,1.50945558576315,1.49862503329271,1.48032539367192
454,1.03200577451092,1.05999678350365,1.39586999686112,1.50570320304358,1.49620450120564,1.47748569758641
453,1.03283058126933,1.06078290512212,1.39433531181025,1.50390334078258,1.49420732175943,1.47513878916633
452,1.03415332198443,1.06099573467671,1.39253578768337,1.50214874706256,1.4919078265393,1.47280473548025
451,1.03386858119276,1.06140679793286,1.39121392990001,1.50002611660406,1.49029223538136,1.47086343057533
450,1.03496430008181,1.06139662283053,1.3899885253172,1.49765650365093,1.48816190797404,1.46853090945862
449,1.03550563082569,1.0618714166494,1.38855843370861,1.49632862211886,1.48583548176685,1.46648915594096
448,1.0365026067673,1.06239155557267,1.3875099337769,1.49514258067702,1.48441273059189,1.46527770696114
447,1.03709449172549,1.06232726982327,1.3867825605215,1.49338909487501,1.48338951254456,1.46382407468111
446,1.03752773455323,1.06305588812848,1.38654412928731,1.49274686155405,1.48234369506759,1.46258383580952
445,1.03873195405117,1.06385559289264,1.3858956676955,1.49161074294488,1.48095352057249,1.46134357151377
444,1.03949050745867,1.06438194291035,1.38518414810785,1.49070543539703,1.48032690943833,1.46082444508951
443,1.04015469142322,1.06471738583722,1.38476966867761,1.49012111403884,1.47951175111908,1.45971231791512
442,1.04057959516233,1.06526332052494,1.38446257785343,1.48922414344566,1.47877046440581,1.45961645912778
441,1.04145492919357,1.06604280511127,1.38429388603957,1.48927575119488,1.478675322999,1.45857126611662
440,1.04209506673232,1.06671539190167,1.38459328751115,1.48934438802214,1.47793949745865,1.45805748487596
439,1.0431502927841,1.06667770100557,1.38438776986507,1.48907649131676,1.47770570967806,1.45822943677471
438,1.04341847863848,1.06779994307443,1.38441980084863,1.48900994201878,1.47744397200171,1.45825411311375
437,1.04428289742367,1.06839124136098,1.38466322725426,1.4891781308757,1.47791187779052,1.458084381262
436,1.04466774808727,1.06895247366596,1.38496539594353,1.48919439940516,1.47775061983456,1.45829477869006
435,1.0455289819014,1.06979431640097,1.38532147913505,1.48989402345525,1.47826377088924,1.45810412491983
434,1.04590796155824,1.07008255617768,1.38569094854504,1.49055342418299,1.478473807024,1.45837058948966
433,1.04706131293215,1.07111975566474,1.38659286896257,1.49100505724124,1.47981200001245,1.45992779766442
432,1.04757411210322,1.07135243289608,1.38724383330998,1.49172703213682,1.48039884108133,1.46016326854433
431,1.04764253350461,1.07259956731903,1.38747100131968,1.49222084251895,1.48074727421599,1.46060978169775
430,1.04887589319419,1.07328189561175,1.3882983360496,1.49361590343471,1.48213668941731,1.46172088637503
429,1.04967143456628,1.0739764620853,1.38945748985167,1.49412181067694,1.48334790521427,1.4629081134253
428,1.05041326791108,1.0748552886787,1.39037701297,1.4956164870858,1.48424430455262,1.46307663991831
427,1.05130174995019,1.07570978002764,1.39135760329018,1.49718982172723,1.48509203218562,1.46454761859096
426,1.05153960275692,1.0766566656095,1.3924293429422,1.4982317470649,1.48713489512269,1.46653415254022
425,1.05269140559284,1.07768733763598,1.39376929230064,1.49972071950108,1.48840592741325,1.46788935894067
424,1.05321331381592,1.07879819914558,1.39483479901229,1.50112842548664,1.49013406708125,1.46938390911831
423,1.05395628099159,1.07949306384895,1.39590260422965,1.50281359402261,1.49171227468356,1.4713450342499
422,1.05493598380838,1.08036028125181,1.3973377784246,1.50472063885202,1.49334515811338,1.47319132716795
421,1.05579477371979,1.08146672875128,1.39893469241574,1.50648461071657,1.49516074380083,1.47421015114786
420,1.05669342350849,1.08280738300747,1.40059137617313,1.50845597550203,1.49740748658138,1.47609837251375
419,1.05720134038448,1.08373276706543,1.40178956816058,1.51032560989647,1.49934580088775,1.4786559367791
418,1.05819254298771,1.08483353201565,1.40372293153893,1.51223890018908,1.50155889906356,1.48053775029938
417,1.0590523908804,1.08587104094569,1.40519825145903,1.5152300336342,1.50467745414729,1.48317664316639
416,1.05977107517276,1.08699527295067,1.40685885895049,1.51686265347375,1.50701913065093,1.48466359080234
415,1.06051672649963,1.08823742386461,1.40894890798235,1.51882316399281,1.50909560306601,1.48754380804066
414,1.06166472132941,1.08933525189039,1.4110151327339,1.52211829279268,1.51173639561287,1.49077004125241
413,1.06247072117545,1.09049157364655,1.41333053533653,1.52503899082228,1.51425935263944,1.49274972947769
412,1.06288729744299,1.09165621715488,1.41497749621705,1.52778083387801,1.51751455266632,1.49531776759305
411,1.06438685911695,1.09309609962878,1.41691457493058,1.52999437790772,1.52046604797055,1.49833183176787
410,1.06529464605389,1.09451253357142,1.41934224128371,1.53352981612751,1.52402364058751,1.50196507869815
409,1.06613307630427,1.09616789164069,1.42137999074159,1.53653833934667,1.52668305223309,1.50456669337588
408,1.06728639959748,1.09749191639244,1.42433721395685,1.53925860845992,1.52924588095792,1.50831016560683
407,1.06805075477353,1.09901605036341,1.42580833792013,1.54277482955282,1.53280966272443,1.51151589690246
406,1.06927059223376,1.10022129544685,1.42859535279127,1.5455953106788,1.53672957476894,1.51494611278332
405,1.07071188969253,1.10218357741571,1.43105385631275,1.54933800596853,1.5395436398243,1.51900982753839
404,1.07179999018332,1.10410488142793,1.43463969757282,1.55267115879051,1.54362118482133,1.52237044721115
403,1.07337770717378,1.1057756901146,1.43684202099682,1.55743041796879,1.5475023918449,1.52605473757462
402,1.07438675413099,1.10685342810769,1.43895962860123,1.56054233845961,1.55181207223462,1.53050167659226
401,1.07538868201076,1.10870685009327,1.44288327812778,1.56371715207639,1.55570672662968,1.53287091295092
400,1.07700107164503,1.11044172310812,1.44569221040685,1.56807542457084,1.56066792625678,1.53785263406706
399,1.07848810729145,1.11244773806679,1.44887338949787,1.57124543683502,1.56388582955826,1.54166319993276
398,1.07957000721006,1.11448744717137,1.45070493984931,1.57613937790356,1.56767483480861,1.54520444511461
397,1.08060400178693,1.11607577456038,1.45492763099884,1.57878969110782,1.57214439211468,1.55025851530025
396,1.08146212278386,1.11740560635437,1.45705533105014,1.58409729893399,1.57693036247468,1.5545460542532
395,1.08277664780344,1.11958191622234,1.46041866961989,1.5883034371204,1.58050749885405,1.55917970987977
394,1.08385787592379,1.1211716118201,1.46318412321482,1.59161841006744,1.58533408550573,1.56326483447375
393,1.0848571352225,1.12323875414771,1.4666077201802,1.59623635747402,1.59058283878197,1.56697966002941
392,1.08606777080226,1.1248799190427,1.47004538842531,1.6001094310425,1.59375244403575,1.57156508080839
391,1.08731379578992,1.12659291585005,1.47339420789722,1.60458514280571,1.5990745834468,1.57584114587764
390,1.08807997397346,1.12781205440533,1.47594625720402,1.60890525379969,1.60233543417317,1.58117438658842
389,1.08880089755865,1.12934508810084,1.47960492811402,1.61297253117554,1.60852145129961,1.58533679425701
388,1.08956887095013,1.13075043470919,1.48259768801058,1.61773138657421,1.61195076972816,1.58910224345143
387,1.09027171792833,1.13274016555672,1.48596187498729,1.6213189213506,1.61667615949775,1.59335382235611
386,1.09101309016313,1.13381304703199,1.48969093248893,1.62572579299289,1.62078286096534,1.59735211882312
385,1.0915938433322,1.13544744367948,1.4930320358932,1.63103593105257,1.62577394066528,1.60343482688903
384,1.09308796078904,1.13634695975903,1.49706128749283,1.63464677130708,1.63031287622515,1.60752359610897
383,1.09353429854641,1.13794781471983,1.49996017029508,1.63931655913283,1.63571670404601,1.61281432071927
382,1.09412108763459,1.13966629052101,1.50288924554076,1.64386859128737,1.64054473884314,1.61567871073604
381,1.09499605567066,1.14096795085568,1.50609247293705,1.6475649700997,1.64523544407287,1.61995903531956
380,1.09538990361771,1.14173196192829,1.5085783517214,1.65178911208079,1.64827560018832,1.62773815280203
379,1.0957701509138,1.14352458178307,1.51387246866931,1.65891209350031,1.65482519653691,1.63050751015295
378,1.09630313784607,1.14484184985788,1.51527997734382,1.66308838374152,1.66077913633585,1.63669559726357
377,1.09751155984875,1.14611229729467,1.51921149079306,1.66656590718671,1.6650927210119,1.64134557576332
376,1.09823988560424,1.14762273679781,1.52399887656619,1.67179336208984,1.66968419903515,1.64645555561282
375,1.09835057704099,1.14859901421877,1.52639521668697,1.6763203423354,1.67386154667242,1.65444241502828
374,1.09801603267756,1.14997511247981,1.52942459671865,1.68186063825618,1.68103427660779,1.65899221081961
373,1.09818913441215,1.15112282597082,1.53336233092608,1.68559825979997,1.68656392060988,1.66348948842513
372,1.09843714539187,1.15132555481961,1.53629517924802,1.69011939638205,1.69001304009544,1.66719754361235
371,1.09886622384045,1.15332154047878,1.53902570286907,1.69234254404553,1.69385145578842,1.66982608270259
370,1.09885102870216,1.15475304690196,1.54322615693772,1.69826987787882,1.69663950328701,1.67582591136389
369,1.09950555123193,1.15519086765768,1.54610814679096,1.69972840668061,1.70116066958221,1.67675495925364
368,1.09955230572853,1.15602366698136,1.5477603338169,1.70438471516146,1.7050522500567,1.68054298140154
367,1.10012271692496,1.1574232989316,1.55035530992703,1.70713537769758,1.70768655882558,1.68292811966037
366,1.10123151622056,1.15850670605754,1.55450658136724,1.7117030036078,1.70857184973035,1.68626009926384
365,1.10175534148562,1.15961964473788,1.55739106159571,1.71362302738104,1.71426084835215,1.68688561655616
364,1.1022847133582,1.16136176376142,1.55895242931293,1.71784313264831,1.71580327177707,1.69183459561876
363,1.1033283201105,1.16207192651992,1.56162260935056,1.72091474798173,1.7193716463779,1.6944330513247
362,1.10505556265764,1.16384167201447,1.56500541761254,1.72429991590424,1.72369539921802,1.70134111781182
361,1.10587205063784,1.16548014232158,1.56839079669269,1.72988381533208,1.72900570684531,1.70430527115107
360,1.10618220911334,1.1674891603161,1.57153805529115,1.730486923708,1.73106643896292,1.70723310822288
359,1.10723668478884,1.16937597305683,1.5754434055525,1.73630139146573,1.73567510690891,1.71137729599694
358,1.10929778579247,1.17076131320515,1.57729975806387,1.73908261329028,1.73956428112671,1.71492188766051
357,1.11091779582181,1.17457518829539,1.58111888140069,1.74394736625251,1.7442159828336,1.71905839614172
356,1.11254072677226,1.17632330137528,1.58493717146423,1.7489629283979,1.74837958010903,1.72512116721591
355,1.11454860598763,1.17889082868555,1.58858152534235,1.75155895155251,1.75305489427833,1.72704327997285
354,1.11685122303437,1.18234612331672,1.59159686705411,1.7580784677576,1.76086841688962,1.73380870975072
353,1.11927635067645,1.18546321225302,1.5943959983192,1.7632232449966,1.76650857297074,1.73962277275866
352,1.12270494938931,1.18860353486879,1.59908059288166,1.76797880993169,1.76878452701604,1.74746190522076
351,1.12601466384127,1.1926644615467,1.60325195298173,1.77525581597415,1.77421151075327,1.75346803065554
350,1.12989663542191,1.19765399753435,1.60889279567505,1.77976460300113,1.78346457847048,1.75872164146882
349,1.13372534029471,1.20244513254611,1.61305542474639,1.78436096365111,1.79000656709875,1.76672726444418
348,1.13836086621448,1.2071625875343,1.61799383219213,1.79659771161944,1.80065577945844,1.77828952935206
347,1.14432910657353,1.21381088578772,1.62456721260323,1.80175210044605,1.80843296874558,1.78414138109918
346,1.14896988547984,1.22085173091365,1.63415999700966,1.81091206671196,1.81795618588949,1.79382319914572
345,1.15524804347143,1.22812904449321,1.63832464166842,1.82167759343287,1.82519126991658,1.80385553649737
344,1.16260987579452,1.23558712659602,1.64643200926316,1.82951279731086,1.83899710563381,1.81790440366687
343,1.17071624803009,1.2452757257125,1.65722366614923,1.84004120205003,1.84949165176771,1.827108935669
342,1.17949263876692,1.25426082789485,1.66663385772382,1.85444123734627,1.86630931783861,1.84196823788637
341,1.18997370853121,1.26477009061283,1.67623677213903,1.86586466700141,1.87998662128314,1.86085218532059
340,1.20147340531915,1.27708148259112,1.69156193641943,1.87809948235821,1.89732781592643,1.87633494896858
339,1.21327741785328,1.29111788066574,1.70715862328587,1.89767475684973,1.91308187322281,1.89648794968359
338,1.22648061575232,1.30426764569723,1.7222288912201,1.91542632403939,1.93443970620279,1.90993630135336
337,1.24131656327624,1.3214802388576,1.73983197700633,1.93621171814908,1.95694534226531,1.93659760040302
336,1.25788718724045,1.33883672652996,1.75862335066472,1.9577892605414,1.97486894348373,1.95854536443104
335,1.27645685609859,1.35859433951775,1.78368981637945,1.98128364222778,2.00336956798944,1.98410610886317
334,1.29660379405539,1.37965535993078,1.80487774145367,2.00752635985209,2.03270720692119,2.01236971132195
333,1.32007442888687,1.40428574717789,1.83243157717255,2.03837334722215,2.05899771553924,2.04462965467566
332,1.34679886613305,1.43195260785975,1.860081177032,2.06544801580993,2.0968976057171,2.07461029586792
331,1.37598240500215,1.46125109558417,1.89953329140187,2.11125596755148,2.13636613290944,2.11172789113237
330,1.40589635129386,1.49538640426349,1.935707914833,2.14710149747619,2.17410291117416,2.1559474543641
329,1.4428457795118,1.53344228033713,1.9739462203394,2.1908329704255,2.22349518357602,2.19978914291353
328,1.48461445404017,1.57677607987287,2.02459666514028,2.24276255123652,2.27081575526454,2.25815632486326
327,1.52687089401071,1.62189767456376,2.07817105059341,2.29727249705608,2.32479706227938,2.31273707123956
326,1.57481518672945,1.67035000157591,2.13258639388622,2.35348109140972,2.39559284251532,2.36684359965518
325,1.62916195136178,1.72480593310778,2.19804589408598,2.41452159741634,2.45480300876235,2.43483709265155
324,1.6815862401871,1.78448717171644,2.25091031087487,2.49150525889542,2.51272388996969,2.51591485549337
323,1.75018608816041,1.84958801809032,2.34395103900464,2.55678034915534,2.60887912173327,2.58174079068235
322,1.82503684738857,1.92538311117294,2.42422985942007,2.67064281456016,2.69122314089221,2.66822324070489
321,1.90579883522076,2.01109038391554,2.5333557289892,2.73721905973437,2.79326249084168,2.76689687695441
320,1.99262390250824,2.09783184312272,2.62191240815902,2.84327873009453,2.87688352444044,2.87267247497416
319,2.07939590347255,2.18608638599312,2.72356610767837,2.96374519605712,2.9569099413948,2.95874154785846
318,2.18944813733263,2.29883078612951,2.83751112130405,3.06370797508686,3.07313693270271,3.06736883017929
317,2.29780167699781,2.42520488820842,2.9753509700084,3.17348617705864,3.24167891277224,3.13976797559183
316,2.4261582362491,2.53693337170642,3.14041663883783,3.33303102976372,3.35036589799802,3.3208611643121
315,2.54985326773111,2.65419387540758,3.28642200864938,3.46025008426567,3.43056926462753,3.44925569114892
314,2.67745861384287,2.78302696907663,3.44947537962746,3.72634017640202,3.66300141980112,3.56638405546842
313,2.84995891611395,2.97613460918323,3.62024308563332,3.72567530018332,3.8849045179001,3.73385377664153
312,3.01835602482493,3.11321578232177,3.81567427867612,3.95111476382532,3.89476089770255,3.96291525238304
311,3.18638347585993,3.30221263110853,4.01001675296121,4.53506530658654,4.52537471130353,3.98545720765434
310,3.27625200873558,3.42342155761742,4.08884094538023,4.09742843973998,3.99801611368197,4.48739104878234
309,3.48710225806499,3.49815416735131,4.21398920336902,4.19939437575328,10,4.71400605766584
308,3.61756562774625,3.90540635427806,10,4.50696150141022,10,4.32116495600639
307,3.71209649668564,3.89709749099568,5.1270753264172,10,5.20699196660444,4.42207317346125
306,3.83114644910829,4.00583445678764,4.18567538912736,10,4.82066116330238,5.00722346137244
305,3.88872014115322,3.90276080343361,4.97182388538434,4.98489376180859,4.34673460706227,5.33841652607089
304,3.87670454554121,3.87014213368802,4.45911845557955,4.44501835715981,4.83695907254453,4.84387564815634
303,3.97586900437434,4.14939877249491,4.35487471652304,4.25770664941891,4.36370671770735,4.38381369114382
302,3.76972133978517,4.06482346966793,10,4.1220467699144,4.13206648804486,4.78526432232629
301,3.85114194910317,3.84107425321051,4.1988707722915,4.31222898941405,5.30010312883747,4.52155760884705
300,3.8443041549083,3.82294210656191,4.92440495790575,5.55484962521323,4.22748308714671,5.08854292197121
