Wavelength (nm),Au@BSPP@70C,Au@BSPP@5C
1100,0.0206049348386019,0.919662500352975
1099,0.0198252261169455,0.914540501823322
1098,0.0204539063061309,0.921381608757935
1097,0.0194790354560269,0.933760165458175
1096,0.0172381103707709,0.934498466775149
1095,0.0173605700691812,0.926085658681846
1094,0.017504543430549,0.928351629884559
1093,0.0152470797092837,0.931224282950258
1092,0.0157139475750326,0.932227076759219
1091,0.017310461399255,0.934893990940442
1090,0.0164319671461767,0.942260277422825
1089,0.0160983554202356,0.941913835891423
1088,0.0165658977688075,0.933684110066125
1087,0.0184689097936781,0.940766047915694
1086,0.0148334771919968,0.940589464903093
1085,0.017647971426325,0.939374863659975
1084,0.0162898538756056,0.944207938095391
1083,0.0156923689572594,0.939053436339276
1082,0.0148683263760069,0.946743920726579
1081,0.0152146397242409,0.949980239394307
1080,0.0159500135872797,0.93870223694775
1079,0.0140012496174688,0.954721939422512
1078,0.0143924387794076,0.95246729763053
1077,0.0155173909393908,0.963969946132306
1076,0.0141505317848308,0.95928582398809
1075,0.0151025393578168,0.954236157716296
1074,0.0157079891928239,0.963019680863138
1073,0.0120896433932808,0.965308504454887
1072,0.0125133481793013,0.961642586391389
1071,0.015745324368742,0.95965746762861
1070,0.0135491439500206,0.961902480279416
1069,0.014537572732165,0.951721837662868
1068,0.0137579304909208,0.955923223172664
1067,0.0134299968296888,0.958810805038932
1066,0.01480947815017,0.967590654958658
1065,0.0125638123301718,0.971100369046041
1064,0.0136639427553692,0.974360070760005
1063,0.0143172547527795,0.970385000492523
1062,0.0134506623196067,0.966472791579106
1061,0.0133791115851872,0.976777546552563
1060,0.0123459046320847,0.97333773531842
1059,0.0132739961046694,0.976949286266861
1058,0.0119313295586556,0.976165566853219
1057,0.0123954437231001,0.981820502383612
1056,0.0131910534465061,0.972543702640492
1055,0.0119144876606103,0.97757595417732
1054,0.0112201485884208,0.975047101681287
1053,0.011578398246991,0.982303519219334
1052,0.0124000516784922,0.977009003050521
1051,0.0114793524296236,0.981560820038164
1050,0.0109395697755789,0.98359116393915
1049,0.0107530159118432,0.981808803876816
1048,0.0108367946667783,0.984342808399605
1047,0.0110964070810339,0.985474237615264
1046,0.0118547613917557,0.984904888698341
1045,0.0104683367045101,0.984694456739987
1044,0.00888856884518722,0.994138790325834
1043,0.00829090937502851,0.989592251640197
1042,0.00971626221257174,0.984503828125109
1041,0.00892001124362011,0.990716838200955
1040,0.00898895468803598,0.991005413110355
1039,0.00974374063338861,0.993130470525283
1038,0.00776629892586736,0.99549229132558
1037,0.00871646865458115,0.989218719537691
1036,0.00791274110082229,0.991513165704084
1035,0.00811548527585684,0.991060120751109
1034,0.00857595973751383,0.996381657079649
1033,0.00737063021223645,0.996195805316835
1032,0.00865665240469979,1.00049168450381
1031,0.00831647708820042,0.995291199247009
1030,0.00771235760386391,0.995343472309985
1029,0.00787976358196921,1.00061175368834
1028,0.00840960483894793,0.997064887547025
1027,0.00774189669678839,0.998278434016324
1026,0.00807062501610445,1.0014699864077
1025,0.00828141091769438,1.00229849417496
1024,0.00765381236872465,1.00249166278383
1023,0.00797372051931863,1.00321994881905
1022,0.00857683101150646,1.000946898329
1021,0.00807284022881189,1.00480119896305
1020,0.00882862321820292,1.00884674605651
1019,0.00916742872106434,1.00267886158139
1018,0.00882098860456043,1.0046218805048
1017,0.00894588026816349,1.00426179904782
1016,0.00958582961036319,1.00628283364314
1015,0.00977010884518883,1.00458021804521
1014,0.00978318764861861,1.00499590971986
1013,0.01042150930534,1.00744627355282
1012,0.0113922341767571,1.0085300025122
1011,0.0123709131765844,1.0065709048902
1010,0.0131757369405923,1.00650878855805
1009,0.0144872801861805,1.00761681727239
1008,0.0143923585048226,1.00782844383926
1007,0.0142627879089526,1.00600682972423
1006,0.016253869261161,1.01129890309145
1005,0.0167667231997501,1.00298279606616
1004,0.0176187213165823,1.00827947827091
1003,0.0188567652659579,1.00693501097433
1002,0.0196373627196439,1.00840660274745
1001,0.0209577292910333,1.00639249624834
1000,0.0219315452733317,1.00886339014564
999,0.0236521681980046,1.00844549958423
998,0.0247023294601223,1.01100758008249
997,0.0259986315956835,1.0065121717149
996,0.0275778929557144,1.00652935067529
995,0.0287638718885657,1.00855696375875
994,0.0303484090918004,1.00585308531319
993,0.0324247564473823,1.00735546494924
992,0.0350114230116825,1.00936489423717
991,0.0368468908659746,1.0091255195905
990,0.037933810164741,1.00577064273495
989,0.0394543554711082,1.00651151478918
988,0.0415500226846338,1.00736754314312
987,0.0448194878768912,1.0032521570911
986,0.0458315134807887,1.00448752196691
985,0.0477947529168682,1.00732380653655
984,0.0508349174705039,1.00560560784715
983,0.0526595879443173,1.00657671951247
982,0.0545036371189158,1.00564507413291
981,0.0564881381291053,1.00308722899877
980,0.0590107109662227,1.00446414671475
979,0.0614962447316493,1.00421958299419
978,0.0634588930797529,1.00494020371143
977,0.065090390124905,1.00266118312749
976,0.066904295578293,0.999801849294428
975,0.0686291762378608,1.0021578608356
974,0.0710144266235234,1.0033240149221
973,0.0723890111272848,1.00222960286669
972,0.0742578632470867,1.00285666283973
971,0.0757837212573389,1.00056645655641
970,0.0775241269814505,0.99873894682867
969,0.079735963706196,0.998809448606219
968,0.0803914844887797,1.0000803445341
967,0.082741263901641,1.00152174215807
966,0.0846884555448967,0.997560858378911
965,0.0856475838111714,0.993385278899366
964,0.0878424088121406,0.998781730523807
963,0.0879319708077514,1.00231661329813
962,0.0876043638542408,1.00167080980215
961,0.0889732078349189,1.00050169440054
960,0.0864459095317174,0.995684409847563
959,0.0865865582578329,0.993943876036895
958,0.084249093203176,0.993930123313818
957,0.0828842266189991,0.993901438640974
956,0.0802585261519834,0.99698348578529
955,0.0777234266669951,0.998884028388606
954,0.0747679985855733,0.998241113919519
953,0.0713968093670293,0.995590742252046
952,0.0692242314398982,0.995685947651061
951,0.0683409826364327,0.998262351819725
950,0.0660860847174263,0.997156816288085
949,0.0643893885456855,0.998996422464106
948,0.0623330069676916,0.994756506079546
947,0.0608624182796946,0.995616495623741
946,0.0598135188453341,0.991827895360721
945,0.0591191374878239,0.994222310755121
944,0.0589496291692063,0.99296348297814
943,0.0574973481766112,0.997864676149715
942,0.0565061223397448,0.994958885904582
941,0.0558376400752077,0.992971697111024
940,0.0548649938974912,0.995360183091422
939,0.0544282211235699,0.995916711919755
938,0.0541532251040359,0.994531789213683
937,0.0530189742841714,0.992103578271925
936,0.0525754632294662,0.993213988382736
935,0.0515482597046581,0.993470216382665
934,0.0502742524346663,0.994320985168872
933,0.0496826737014907,0.991944512747056
932,0.0491085367551973,0.995631455061951
931,0.047711016247962,0.990164081885697
930,0.0474479489202018,0.99163017469523
929,0.046659672860107,0.989210386700273
928,0.0458606842894864,0.987840957214326
927,0.044944265276515,0.990000886974659
926,0.0443923816899278,0.988481629691669
925,0.0441295110704704,0.987664039126992
924,0.0427894577791272,0.986925122446339
923,0.0427001401688588,0.987649477423701
922,0.0421638782615433,0.98615429958075
921,0.042256366721407,0.986097605339505
920,0.0414461222614435,0.985317331038427
919,0.0413974844432697,0.984370337979663
918,0.0409782803225445,0.983432382098338
917,0.0408595570723505,0.984518253511167
916,0.0417413978021514,0.98478630313988
915,0.0415977374845035,0.983575086856095
914,0.0411442173006487,0.983133604761027
913,0.0411752379325878,0.979498500484211
912,0.0410140401861115,0.979865707880481
911,0.0412015075948382,0.978258769729878
910,0.0408398204162197,0.97677156541769
909,0.0409271917835048,0.979647482805068
908,0.0411156176719703,0.976960915972957
907,0.0407905111347535,0.976881692847826
906,0.0402210734278133,0.974659830100079
905,0.0412187559295498,0.975701135033526
904,0.0422127731611142,0.97581549021241
903,0.0415796764600685,0.972881119113484
902,0.0418320576135791,0.97150156831437
901,0.0411608087942215,0.971174123619912
900,0.041293478162161,0.969865026987678
899,0.0420290036618852,0.969813740000143
898,0.0422302614132934,0.969034313919902
897,0.0420169984587702,0.968321465345391
896,0.0425071146470602,0.967333848513184
895,0.0433861602955668,0.969592783180707
894,0.0433927968380497,0.967529426730109
893,0.0435280957094394,0.965750674801088
892,0.043670821757361,0.967047709561186
891,0.043577230303607,0.964947934301453
890,0.0438209822926419,0.962346386909352
889,0.0440961870817296,0.963092045978177
888,0.0445210516600118,0.961090010466845
887,0.0446172277479257,0.960540589123914
886,0.0448496527638129,0.95691151267074
885,0.0448225588019366,0.958301617392979
884,0.0449672900073159,0.957990081515662
883,0.0455097577321994,0.95608813781235
882,0.0464446851519857,0.956649082202217
881,0.0474105004901067,0.95639043919776
880,0.0476108019650167,0.956101620306261
879,0.0474392000772971,0.953787746719327
878,0.0478045203568722,0.953937534230572
877,0.0477257513441516,0.951643844800321
876,0.0480547630864658,0.952989635177977
875,0.0483784974022887,0.951127806375708
874,0.0487280148265976,0.946641175554444
873,0.0489758058479285,0.947322924727354
872,0.0495437612874895,0.945638098109436
871,0.0493423055248217,0.946310609812407
870,0.0508745249550684,0.94589301397181
869,0.0504386050599523,0.942517016080652
868,0.050805759823394,0.943962939337544
867,0.0512591760244929,0.943171479013183
866,0.0520644030972536,0.938472174608768
865,0.052317521987644,0.940231466799536
864,0.0518471322127651,0.943348746004151
863,0.0530292693991352,0.939764631275203
862,0.053888103190009,0.934285917330456
861,0.0537948916719409,0.939175863490517
860,0.0542997799776542,0.935824908435117
859,0.0548768896078237,0.935563195607518
858,0.0549126374438352,0.935258708970346
857,0.054267220989889,0.931633006776544
856,0.0561810473911586,0.932802362740949
855,0.0566877456347109,0.933860463382127
854,0.0575341102946195,0.930206274739065
853,0.0572759842705641,0.928085688645617
852,0.0578970815675416,0.930736291302965
851,0.0578250958931775,0.922387397645315
850,0.0598536863367373,0.926565170814164
849,0.0585077833537214,0.923022387176823
848,0.0594085161192314,0.930048668340452
847,0.0599124290689101,0.925647708861641
846,0.0601612154997892,0.921463506022352
845,0.0605150527024543,0.925349793201475
844,0.0608994663624352,0.920201579374458
843,0.0611898850801205,0.916974103554439
842,0.0616580681279608,0.919414995259481
841,0.0628408950573338,0.917671219125681
840,0.0635191142895806,0.920317404655231
839,0.0637347807015572,0.917060226153668
838,0.0638732400719667,0.918119845449347
837,0.063928690166559,0.916357444248848
836,0.0647742134163894,0.91483412351111
835,0.0653444782318192,0.914408165792918
834,0.0659616825387977,0.915272559194223
833,0.0666468791504337,0.911366094694666
832,0.0653827231350567,0.912870871259966
831,0.065661582418496,0.910521309885058
830,0.0660365968306896,0.910142468313886
829,0.0656110288965907,0.908581267749135
828,0.066276463717302,0.909235623777753
827,0.0668238271183769,0.908353070640694
826,0.0666736189646937,0.906847102490547
825,0.0664171536008647,0.905224838251932
824,0.0668569789217885,0.906688481746294
823,0.0681083608953267,0.906918286586518
822,0.0677156704722403,0.905781832765415
821,0.0681561472242465,0.904594078252507
820,0.0683938548222432,0.905717762085533
819,0.0688002916772457,0.904507483653774
818,0.0690468491896813,0.901462483167895
817,0.0691266379549529,0.90407897253124
816,0.0702818929314634,0.900386295697515
815,0.0698036565819921,0.899054995143945
814,0.0708367079671844,0.899196433403153
813,0.0705040505654213,0.895956987825576
812,0.0715891343853722,0.899047711576908
811,0.0715243044413238,0.896291819374305
810,0.0721361177248918,0.898290272346451
809,0.0724636660642052,0.895033311811464
808,0.0727072019199723,0.897609397944366
807,0.0726528228400394,0.895902752293944
806,0.0740658572910396,0.893952286323502
805,0.0740653354010904,0.894762218998937
804,0.0749899407948756,0.896328059021735
803,0.0738662647870755,0.894183867634129
802,0.0756367602986128,0.894090043814946
801,0.0751718912755441,0.890944404759074
800,0.0765203534982659,0.892302292755755
799,0.0761830071765997,0.89139179166791
798,0.0773096083014696,0.892793902748469
797,0.0770942062732317,0.888013614858546
796,0.0774636030500328,0.888744309951819
795,0.0787465276518571,0.889659862801271
794,0.0794288382397206,0.888084478476325
793,0.0790316509181173,0.889280450646298
792,0.0793309755874101,0.888863139058398
791,0.0804731047538144,0.886983323839161
790,0.0810833438104895,0.88533852380755
789,0.0811960822680656,0.887337766203563
788,0.0823088720738127,0.88605387591217
787,0.082989129288882,0.887054418691929
786,0.0823749879628345,0.88679279713978
785,0.0839463293826792,0.888595018114817
784,0.0844820668529736,0.887388945185772
783,0.0844574464059491,0.885981750115698
782,0.0852347799763988,0.885727737721367
781,0.0855629678675434,0.887582930824733
780,0.0863965732192439,0.886482846202345
779,0.0868557564958876,0.886100771571948
778,0.0875732635443287,0.886854035874221
777,0.0874243802876703,0.886059451351705
776,0.0885809753007325,0.882032573533309
775,0.0889197397037455,0.885115683386564
774,0.089307763398063,0.885645420822513
773,0.0903055855095183,0.885793353723323
772,0.0905295875377139,0.886045463107642
771,0.0911899928825114,0.886397048132548
770,0.0916774526706312,0.884348913321154
769,0.0925460489003916,0.88534453736307
768,0.0932986013654552,0.885344189469159
767,0.0940604643717001,0.885724554179659
766,0.0945450761344555,0.885294195041975
765,0.0949265006279972,0.888026366456023
764,0.0959403982787542,0.888438019075743
763,0.0966920043384499,0.888811034604326
762,0.097657265074574,0.888846955948111
761,0.0977205402169377,0.886071349180772
760,0.0987796917911752,0.887695796014769
759,0.0992694711179206,0.888852266747549
758,0.099964980791696,0.890073268381941
757,0.100753231144837,0.887876421354861
756,0.101675388156028,0.890662216926822
755,0.101825409880134,0.891695079983157
754,0.102739879019168,0.890849969441676
753,0.103592756261532,0.888775066138135
752,0.104320638875623,0.891772650131858
751,0.104920686528425,0.891282143777191
750,0.10526710073473,0.892852909089594
749,0.106572673478635,0.893065135252209
748,0.107310476818631,0.894754397617737
747,0.107815385860068,0.894897185403577
746,0.108939194143078,0.894591450357555
745,0.109441705053813,0.894376701174333
744,0.109929960543859,0.89421577235059
743,0.110278626582588,0.895310066012555
742,0.111457315705002,0.897547083838158
741,0.112680884699793,0.897759724710049
740,0.112826903034278,0.898802757374797
739,0.114060232825883,0.899062689185459
738,0.114325392687588,0.898722845128278
737,0.114893126368096,0.901897815703464
736,0.115867298075411,0.902566732741456
735,0.116024603397487,0.904305738990787
734,0.116822520987794,0.903932148745399
733,0.117305279307978,0.905668361190132
732,0.117873732394412,0.906121096052789
731,0.118125261918622,0.905814210285275
730,0.118646277416946,0.907663939662892
729,0.119454449700831,0.907323129648881
728,0.119916772845729,0.908152700976078
727,0.120719111554407,0.910031692041062
726,0.121077372599978,0.911027667191945
725,0.12190218441069,0.913674300254713
724,0.122395635275493,0.912046252296876
723,0.123564401211263,0.913994118903957
722,0.124128778350031,0.913973468059347
721,0.124892558495938,0.91574043335138
720,0.125679776192521,0.915712050875453
719,0.126503615435333,0.915848890149469
718,0.127470050200241,0.916667413823912
717,0.127887055227227,0.91935121955368
716,0.12906102700914,0.919409700417514
715,0.12984153206144,0.920523898559185
714,0.130083117116785,0.920875258068155
713,0.130958648217995,0.921994254782681
712,0.131905737161066,0.922577334073763
711,0.132767382516494,0.923372845343254
710,0.133702016454327,0.923693890370449
709,0.134578564304948,0.925390175647036
708,0.135316207310247,0.925239319261782
707,0.136411116453857,0.926122943276725
706,0.137356403734594,0.927259173354233
705,0.138427635347057,0.926863046689918
704,0.13975864275062,0.928871859846972
703,0.140317549340368,0.928388890022481
702,0.141654657388522,0.929635873567382
701,0.142472702142381,0.929833880198601
700,0.143231699352503,0.929404512322735
699,0.144919317285624,0.930849993847608
698,0.146076096000204,0.930773232398181
697,0.147185101001363,0.931293859304226
696,0.147977534254336,0.931945279773836
695,0.149142571486038,0.93244285818959
694,0.150628908584435,0.93268399123429
693,0.151671351783601,0.932401260767179
692,0.152837410169664,0.932117053723055
691,0.154459690515166,0.932521217284854
690,0.155463760268489,0.933195706415615
689,0.156902524160794,0.933296096054302
688,0.15839404513051,0.932789251875018
687,0.159820423740466,0.932318659322874
686,0.161092127332421,0.932752942663233
685,0.16249602324963,0.933252502235735
684,0.163800319893174,0.932490581045464
683,0.165670476345641,0.932866148731233
682,0.166927477098403,0.932188406367096
681,0.168882815778364,0.93239187281879
680,0.170174135428401,0.93254074693788
679,0.171916874782697,0.932288286543967
678,0.173716487554376,0.93234449308452
677,0.175368231947499,0.931997236439721
676,0.177107734175114,0.9320135883058
675,0.179085197782432,0.931739312569447
674,0.180737864228369,0.931224862937308
673,0.182483801276188,0.930907560040567
672,0.184403065768121,0.931209258793754
671,0.186323296225869,0.930750526632953
670,0.18838229109236,0.930234049806541
669,0.190424124794523,0.929970148202605
668,0.1926574929802,0.930086515104505
667,0.194575227488501,0.929967449411296
666,0.197184213473159,0.929640661653404
665,0.19903996107954,0.929502626350826
664,0.2013488551081,0.929323908719475
663,0.203722431943226,0.928902818758539
662,0.20622906567892,0.929133033275104
661,0.208554592697536,0.928710920056398
660,0.211252558274397,0.928290231712579
659,0.213675872290189,0.928497835271687
658,0.216474159390515,0.928741290816456
657,0.21913926158933,0.928409771364931
656,0.221832985347762,0.928186659117388
655,0.224686109139146,0.928530633966982
654,0.227634738471564,0.928654742494268
653,0.23044120225112,0.928574030859304
652,0.23357439377486,0.928900291417725
651,0.236839753437415,0.928648015951746
650,0.239978773326588,0.929035772126781
649,0.24312506014167,0.928802313357013
648,0.246654886549187,0.929058003681631
647,0.250161137990307,0.92970536102588
646,0.253822874472683,0.929588518387084
645,0.257484836765329,0.92962357338149
644,0.26131451048662,0.930344478779725
643,0.264709200433638,0.930276625158754
642,0.268985496339324,0.930476330321393
641,0.272957083728167,0.931576228855683
640,0.27704380145529,0.93172291572654
639,0.280857374962093,0.931743100798253
638,0.285282168541801,0.932280368374563
637,0.289860221548346,0.93217619975002
636,0.294147994038674,0.932844857971855
635,0.299376600312097,0.933617093472154
634,0.304181473982503,0.933867159996377
633,0.309002925215152,0.934377796033892
632,0.31404806270324,0.93505707168111
631,0.319122001864272,0.935087304340728
630,0.324660925208322,0.936051784973979
629,0.3302666976169,0.936763951688651
628,0.335562122854415,0.937264228355887
627,0.341191068575803,0.937953366651988
626,0.347051557349496,0.939152911044515
625,0.353411966697848,0.939350324849436
624,0.359557416940396,0.940648280297715
623,0.366114161037099,0.940430274318582
622,0.372719018847598,0.941754753428587
621,0.37985622101995,0.941626477089247
620,0.386220710528503,0.942860251395966
619,0.393954947169607,0.944017292551709
618,0.401112529617205,0.944379422708203
617,0.409003016369714,0.94529023637257
616,0.416581739294463,0.945822487319694
615,0.424892520263962,0.946703163186951
614,0.433339713538543,0.947924600102096
613,0.44152308427333,0.948560738445622
612,0.451038454703807,0.949900194413201
611,0.45985187316299,0.950535568221094
610,0.468861307562782,0.950981903925181
609,0.478078342073056,0.952280066140597
608,0.488258931610905,0.952965011801567
607,0.498760591825178,0.953232691687976
606,0.509544295774849,0.954350910751968
605,0.519786338390661,0.955517051762966
604,0.530228769118464,0.956364627263718
603,0.541350500193931,0.95751738653476
602,0.553739101990074,0.957774969545204
601,0.565632687088512,0.958689395236964
600,0.578413823422941,0.959267499093946
599,0.59138740590997,0.960222128966689
598,0.605062010291506,0.959881745351608
597,0.616932576942824,0.961542119578817
596,0.630475948317073,0.962333154191346
595,0.64522705963991,0.962846944900014
594,0.66017120763955,0.963685478522082
593,0.675318406563109,0.963666728962037
592,0.692067957568455,0.964292746990449
591,0.70820055223085,0.964769805201312
590,0.724184226116894,0.965499705666539
589,0.741148573310346,0.966160010235144
588,0.758728751940303,0.966146451291329
587,0.777086456109083,0.966661329718703
586,0.796184010419501,0.967204872128762
585,0.815419452769667,0.968050397560697
584,0.835129872381693,0.967688926442376
583,0.856161870881922,0.968120809599918
582,0.876576365273284,0.968150096191992
581,0.898331646273461,0.967904829361699
580,0.920093430061782,0.968066571476894
579,0.944376946016978,0.968638095663113
578,0.967297774479422,0.968126702841655
577,0.991410749208617,0.968293250048504
576,1.01589349559993,0.96872504237958
575,1.0409275402234,0.968475177655768
574,1.06779513937649,0.968553875103419
573,1.09475869471983,0.967549755106248
572,1.12108488156475,0.967927729899383
571,1.14835306569377,0.967292822786875
570,1.17722856820368,0.96735999055487
569,1.20741604203423,0.966707210825841
568,1.23825387040353,0.966178927614612
567,1.26847541653807,0.965882929151551
566,1.2971760230246,0.965968607918923
565,1.32976615464121,0.965133512157933
564,1.36310619026298,0.96509836689226
563,1.39719659521798,0.964444890668375
562,1.43104586817796,0.963859798889341
561,1.46396578642973,0.964467192065307
560,1.50111606362951,0.962851311474686
559,1.53457766289767,0.962160631701876
558,1.5723423614742,0.961589891730348
557,1.60764671956245,0.960616916017339
556,1.64699388582616,0.96035406872676
555,1.68243709261366,0.959028050250816
554,1.71998350005989,0.958522990073875
553,1.75751575366039,0.95710937037886
552,1.79161966538458,0.957232421136453
551,1.83187524503124,0.955943804842233
550,1.87165818867174,0.954630289293783
549,1.9081484844878,0.954024584856903
548,1.94602562166088,0.952576594385363
547,1.9821612704255,0.952385488098811
546,2.01465553313893,0.951286773549392
545,2.05675050132445,0.949829705917637
544,2.0916676460012,0.948968019348231
543,2.12781707598942,0.947587091163713
542,2.16207563909549,0.946169832492838
541,2.18385818880789,0.945923553365962
540,2.22194768330321,0.944151967652836
539,2.25154670944018,0.94264320235859
538,2.28613763285386,0.940627818184458
537,2.30600643037936,0.939591326752566
536,2.3342563912251,0.938130115550479
535,2.36435783535789,0.935705291769013
534,2.3910697665616,0.9344128780749
533,2.4073391882954,0.933336835672039
532,2.43426209544922,0.93065836389919
531,2.44790669743614,0.928155614093973
530,2.46245157767571,0.925870502315016
529,2.47800462094009,0.924659159181126
528,2.48666325896494,0.922835561024491
527,2.49543244651589,0.919625793155655
526,2.50051569980068,0.917510281948245
525,2.51250494961714,0.914859310202694
524,2.50024532957539,0.911795838651139
523,2.50987832227393,0.908454115691313
522,2.50635147931723,0.905577829169558
521,2.50628331330341,0.901937934076988
520,2.496266842549,0.898840129981962
519,2.48635241202132,0.89597140084772
518,2.48097896547043,0.892922695572655
517,2.46154302220847,0.889439560693993
516,2.44695696980337,0.885574357331024
515,2.4253791041302,0.881791260765685
514,2.41579077619622,0.878107547126296
513,2.39948760869324,0.874264231729832
512,2.38305614657954,0.871139031743082
511,2.35302763153755,0.866975284909843
510,2.33432713060048,0.862912902801116
509,2.3137507915888,0.859362546627633
508,2.29100113622114,0.855586590161657
507,2.26427766004985,0.851775966133666
506,2.23799335639119,0.847125410171573
505,2.20946698497542,0.843654477517265
504,2.1881055018304,0.840317418075818
503,2.15965394577752,0.836815850874956
502,2.13700786678067,0.833169621122129
501,2.1090490437758,0.829591427206465
500,2.08029670585109,0.825896432594422
499,2.05435182076169,0.822463759445898
498,2.03040470916051,0.819058389566825
497,2.00573603397773,0.816965475133433
496,1.982312536066,0.814158640723364
495,1.95679742131977,0.810888907264216
494,1.93118477660816,0.807794694572178
493,1.9072449468565,0.805108416828444
492,1.88906260281907,0.803321855349151
491,1.8691506047265,0.80181995647653
490,1.8439394400195,0.799240862382748
489,1.82275740876548,0.796957571872509
488,1.80680331516526,0.79586943011208
487,1.79081236730152,0.794326133256604
486,1.76858578254743,0.791993260761924
485,1.75098988933909,0.790362282849826
484,1.73850980836597,0.790033452914139
483,1.72462130472791,0.78970483189082
482,1.70802074226922,0.787926032075928
481,1.69131078801998,0.787582533137648
480,1.67864925977159,0.786507427693769
479,1.66474504387,0.78569048500681
478,1.65277280603097,0.785009609063513
477,1.64141436866595,0.78452089906679
476,1.63094673264313,0.784112564516453
475,1.61968983958546,0.78392723140832
474,1.60988408631522,0.783204523157342
473,1.60069725506519,0.783247579885939
472,1.59105803932064,0.783060651936709
471,1.58389098229593,0.782951062141236
470,1.57448688693183,0.78249493805592
469,1.56681490849585,0.782794912069676
468,1.55971636448483,0.782773052399678
467,1.55344054722556,0.782652353459501
466,1.54730067815127,0.783075849838715
465,1.54121771215959,0.782911685675709
464,1.53587199764087,0.783195448789293
463,1.53034651967504,0.783500781651696
462,1.5251815550127,0.783203776773593
461,1.52017932762511,0.783651680395112
460,1.51685640402331,0.784016641118386
459,1.51361445581027,0.78427143380835
458,1.5096505844387,0.784800590244733
457,1.50628051681109,0.784707668333251
456,1.50261425436787,0.784903272957683
455,1.49862503329271,0.785364027190822
454,1.49620450120564,0.785433081818427
453,1.49420732175943,0.786209626004899
452,1.4919078265393,0.786303305078386
451,1.49029223538136,0.786744833957735
450,1.48816190797404,0.787117478158243
449,1.48583548176685,0.78744025895367
448,1.48441273059189,0.787354980267105
447,1.48338951254456,0.787968328262374
446,1.48234369506759,0.788599447505784
445,1.48095352057249,0.788962023342545
444,1.48032690943833,0.789235548148736
443,1.47951175111908,0.789188548081496
442,1.47877046440581,0.789577088661696
441,1.478675322999,0.79023418642265
440,1.47793949745865,0.790738604887128
439,1.47770570967806,0.791085890252757
438,1.47744397200171,0.791276705485258
437,1.47791187779052,0.791243089673155
436,1.47775061983456,0.791905279898809
435,1.47826377088924,0.792079294822071
434,1.478473807024,0.792246320112107
433,1.47981200001245,0.792878710570375
432,1.48039884108133,0.793363490717629
431,1.48074727421599,0.793432381278814
430,1.48213668941731,0.793715256777979
429,1.48334790521427,0.793934127890166
428,1.48424430455262,0.79449277521003
427,1.48509203218562,0.794736040507024
426,1.48713489512269,0.794758268649787
425,1.48840592741325,0.795280170159038
424,1.49013406708125,0.795617283068143
423,1.49171227468356,0.796080811057076
422,1.49334515811338,0.796241772295276
421,1.49516074380083,0.796976913367769
420,1.49740748658138,0.797209159665227
419,1.49934580088775,0.797618468443638
418,1.50155889906356,0.797957280095861
417,1.50467745414729,0.798354969291651
416,1.50701913065093,0.798240516534615
415,1.50909560306601,0.798928011806306
414,1.51173639561287,0.799306574154857
413,1.51425935263944,0.799546188374334
412,1.51751455266632,0.799967015681809
411,1.52046604797055,0.8003918476384
410,1.52402364058751,0.80064490177537
409,1.52668305223309,0.801065976936899
408,1.52924588095792,0.801303246740499
407,1.53280966272443,0.801900249389448
406,1.53672957476894,0.801651873320927
405,1.5395436398243,0.801957423054586
404,1.54362118482133,0.80317531847471
403,1.5475023918449,0.803600008213038
402,1.55181207223462,0.803838337313446
401,1.55570672662968,0.804184099576328
400,1.56066792625678,0.804811460049106
399,1.56388582955826,0.805070490870515
398,1.56767483480861,0.805275198140631
397,1.57214439211468,0.805662728430189
396,1.57693036247468,0.806134914027897
395,1.58050749885405,0.806630374798908
394,1.58533408550573,0.807181693507831
393,1.59058283878197,0.807243344972198
392,1.59375244403575,0.807854894750848
391,1.5990745834468,0.808176824591371
390,1.60233543417317,0.808392035057026
389,1.60852145129961,0.808524893662886
388,1.61195076972816,0.808910917933815
387,1.61667615949775,0.809262996505736
386,1.62078286096534,0.809556919606832
385,1.62577394066528,0.809674101995407
384,1.63031287622515,0.810039712147697
383,1.63571670404601,0.809869211717957
382,1.64054473884314,0.810424492707603
381,1.64523544407287,0.810945978558594
380,1.64827560018832,0.810958876118919
379,1.65482519653691,0.811278380478886
378,1.66077913633585,0.811309308677835
377,1.6650927210119,0.811456687909015
376,1.66968419903515,0.811870841370091
375,1.67386154667242,0.811869750311514
374,1.68103427660779,0.811957631271307
373,1.68656392060988,0.811941178468373
372,1.69001304009544,0.812536099891447
371,1.69385145578842,0.812929199144422
370,1.69663950328701,0.812809158706709
369,1.70116066958221,0.813465032711185
368,1.7050522500567,0.81416492640638
367,1.70768655882558,0.815183818087697
366,1.70857184973035,0.815748438474265
365,1.71426084835215,0.816781029892477
364,1.71580327177707,0.816709140814277
363,1.7193716463779,0.8176740143908
362,1.72369539921802,0.818328380359009
361,1.72900570684531,0.819215379243099
360,1.73106643896292,0.820083195352213
359,1.73567510690891,0.8207176484312
358,1.73956428112671,0.821416897840606
357,1.7442159828336,0.822860787621797
356,1.74837958010903,0.823740281852653
355,1.75305489427833,0.825469861432878
354,1.76086841688962,0.826719611372473
353,1.76650857297074,0.828274082543992
352,1.76878452701604,0.830185260528058
351,1.77421151075327,0.832400564970659
350,1.78346457847048,0.834846664852465
349,1.79000656709875,0.837456505071552
348,1.80065577945844,0.840546608862955
347,1.80843296874558,0.844634255872407
346,1.81795618588949,0.848907230259867
345,1.82519126991658,0.853908620399817
344,1.83899710563381,0.85947327361351
343,1.84949165176771,0.865515737131612
342,1.86630931783861,0.872745502997484
341,1.87998662128314,0.880894884417659
340,1.89732781592643,0.89027122163636
339,1.91308187322281,0.900809631961076
338,1.93443970620279,0.91276778762984
337,1.95694534226531,0.926667920101366
336,1.97486894348373,0.942611418446469
335,2.00336956798944,0.960659857637821
334,2.03270720692119,0.980409214499343
333,2.05899771553924,1.00243949846615
332,2.0968976057171,1.02759816007561
331,2.13636613290944,1.05788468877089
330,2.17410291117416,1.08970744781517
329,2.22349518357602,1.12639855008902
328,2.27081575526454,1.16915193664357
327,2.32479706227938,1.21299911922546
326,2.39559284251532,1.2638851984769
325,2.45480300876235,1.31996395855133
324,2.51272388996969,1.37788837484319
323,2.60887912173327,1.4481208975547
322,2.69122314089221,1.53145575780748
321,2.79326249084168,1.6218299064628
320,2.87688352444044,1.71739398103857
319,2.9569099413948,1.81462874647189
318,3.07313693270271,1.9345953378596
317,3.24167891277224,2.06754093125646
316,3.35036589799802,2.2123719892498
315,3.43056926462753,2.35399889990459
314,3.66300141980112,2.50012888669481
313,3.8849045179001,2.69351873874405
312,3.89476089770255,2.85172854025976
311,4.52537471130353,3.04073451223859
310,3.99801611368197,3.23103374591114
309,10,3.37084948812121
308,10,3.53324051338233
307,5.20699196660444,3.70258873570119
306,4.82066116330238,3.61103232065002
305,4.34673460706227,3.90910450823638
304,4.83695907254453,3.74701880283981
303,4.36370671770735,3.68451544327004
302,4.13206648804486,3.54687132685633
301,5.30010312883747,3.58246990175883
300,4.22748308714671,3.63492353207658
